StartDate,EndDate,Status,IPAddress,Progress,Duration (in seconds),Finished,RecordedDate,ResponseId,RecipientLastName,RecipientFirstName,RecipientEmail,ExternalReference,LocationLatitude,LocationLongitude,DistributionChannel,UserLanguage,consent,Example_1,Example_2,Example_3,Example_4,Example_5,Example_6,Example_7,Example_8,Example_9,areyousure_1,areyousure_2,areyousure_3,areyousure_4,areyousure_5,areyousure_6,areyousure_7,areyousure_8,areyousure_9,Q1_1,Q1_2,Q1_3,Q1_4,Q1_5,Q1_6,Q1_7,Q1_8,Q1_9,Q1_10,Q1_11,Q1_12,Q1_13,Q2_1,Q2_2,Q2_3,Q2_4,Q2_5,Q2_6,Q2_7,Q2_8,Q2_9,Q3_1,Q3_2,Q3_3,Q3_4,Q3_5,Q4_1,Q4_2,Q4_3,Q4_4,Q4_5,Q4_6,Q4_7,Q4_8,Q4_9,Q4_10,Q4_11,Q4_12,Q4_13,Q4_14,Q4_15,Q4_16,Q4_17,Q5_1,Q5_2,Q5_3,Q5_4,Q5_5,Q6_1,Q6_2,Q6_3,Q6_4,Q6_5,Q6_6,Q6_7,Q6_8,Q6_9,Q7simple_1,Q7simple_2,Q7simple_3,Q7simple_4,Q7simple_5,Q7simple_6,Q7simple_7,Q7simple_8,Q7simple_9,Q7simple_10,Q7simple_11,Q7simple_12,Q7simple_13,Q7simple_14,Q7simple_15,Q7simple_16,Q7simple_17,Q7complex_1,Q7complex_2,Q7complex_3,Q7complex_4,Q7complex_5,Q7complex_6,Q7complex_7,Q7complex_8,Q7complex_9,Q7complex_10,Q7complex_11,Q7complex_12,Q7complex_13,Q7complex_14,Q7complex_15,Q7complex_16,Q7complex_17,Q1'_1,Q1'_2,Q1'_3,Q1'_4,Q1'_5,Q1'_6,Q1'_7,Q1'_8,Q1'_9,Q1'_10,Q1'_11,Q1'_12,Q1'_13,Q2'_1,Q2'_2,Q2'_3,Q2'_4,Q2'_5,Q2'_6,Q2'_7,Q2'_8,Q2'_9,Q3'_1,Q3'_2,Q3'_3,Q3'_4,Q3'_5,Q4'_1,Q4'_2,Q4'_3,Q4'_4,Q4'_5,Q4'_6,Q4'_7,Q4'_8,Q4'_9,Q4'_10,Q4'_11,Q4'_12,Q4'_13,Q4'_14,Q4'_15,Q4'_16,Q4'_17,Q5'_1,Q5'_2,Q5'_3,Q5'_4,Q5'_5,Q6'_1,Q6'_2,Q6'_3,Q6'_4,Q6'_5,Q6'_6,Q6'_7,Q6'_8,Q6'_9,Q7'simple_1,Q7'simple_2,Q7'simple_3,Q7'simple_4,Q7'simple_5,Q7'simple_6,Q7'simple_7,Q7'simple_8,Q7'simple_9,Q7'simple_10,Q7'simple_11,Q7'simple_12,Q7'simple_13,Q7'simple_14,Q7'simple_15,Q7'simple_16,Q7'simple_17,Q7'complex_1,Q7'complex_2,Q7'complex_3,Q7'complex_4,Q7'complex_5,Q7'complex_6,Q7'complex_7,Q7'complex_8,Q7'complex_9,Q7'complex_10,Q7'complex_11,Q7'complex_12,Q7'complex_13,Q7'complex_14,Q7'complex_15,Q7'complex_16,Q7'complex_17,Comments,Q48,Q_LastModified,version,FL_14_DO_MainQuestionsBlockLOW,FL_14_DO_MainQuestionsBlockHIGH,MainQuestionsBlockLOW_DO_Q7complex,MainQuestionsBlockLOW_DO_Q5,MainQuestionsBlockLOW_DO_Q6,MainQuestionsBlockLOW_DO_Q3,MainQuestionsBlockLOW_DO_Q33,MainQuestionsBlockLOW_DO_Q1,MainQuestionsBlockLOW_DO_Q2,MainQuestionsBlockLOW_DO_Q4,MainQuestionsBlockLOW_DO_Q7simple,MainQuestionsBlockHIGH_DO_Q6',MainQuestionsBlockHIGH_DO_Q5',MainQuestionsBlockHIGH_DO_Q7'complex,MainQuestionsBlockHIGH_DO_Q4',MainQuestionsBlockHIGH_DO_Q7'simple,MainQuestionsBlockHIGH_DO_Q3',MainQuestionsBlockHIGH_DO_Q34,MainQuestionsBlockHIGH_DO_Q2',MainQuestionsBlockHIGH_DO_Q1',participant
2022-04-04T14:52:44Z,2022-04-04T14:55:54Z,IP Address,*******,100,190,TRUE,2022-04-04T14:55:55Z,R_1KkeG2gn4mSBVp3,*******,*******,*******,*******,*******,*******,anonymous,EN,"Yes, I agree to participate in this study.",1,1,1,1,2,2,2,2,2,NA,NA,NA,NA,NA,NA,NA,NA,NA,1,1,1,1,1,1,1,1,2,2,2,2,2,1,1,1,1,2,2,2,2,2,1,1,2,2,2,1,1,1,1,1,1,1,2,2,2,2,2,2,2,2,2,2,1,1,1,1,2,1,1,1,1,1,2,2,2,2,1,1,1,1,1,1,1,1,1,2,2,2,2,2,2,2,2,NA,NA,NA,NA,NA,NA,NA,NA,NA,NA,NA,NA,NA,NA,NA,NA,NA,NA,NA,NA,NA,NA,NA,NA,NA,NA,NA,NA,NA,NA,NA,NA,NA,NA,NA,NA,NA,NA,NA,NA,NA,NA,NA,NA,NA,NA,NA,NA,NA,NA,NA,NA,NA,NA,NA,NA,NA,NA,NA,NA,NA,NA,NA,NA,NA,NA,NA,NA,NA,NA,NA,NA,NA,NA,NA,NA,NA,NA,NA,NA,NA,NA,NA,NA,NA,NA,NA,NA,NA,NA,NA,NA,NA,NA,NA,NA,NA,NA,NA,NA,NA,NA,NA,NA,NA,NA,NA,NA,NA,NA,NA,1649083613,NA,1,NA,NA,6,7,4,1,2,3,5,8,NA,NA,NA,NA,NA,NA,NA,NA,NA,d55229d374
2022-04-04T14:52:06Z,2022-04-04T14:57:05Z,IP Address,*******,100,299,TRUE,2022-04-04T14:57:06Z,R_1LvWSMoeCqKNxLR,*******,*******,*******,*******,*******,*******,anonymous,EN,"Yes, I agree to participate in this study.",1,1,1,1,2,2,2,2,2,NA,NA,NA,NA,NA,NA,NA,NA,NA,NA,NA,NA,NA,NA,NA,NA,NA,NA,NA,NA,NA,NA,NA,NA,NA,NA,NA,NA,NA,NA,NA,NA,NA,NA,NA,NA,NA,NA,NA,NA,NA,NA,NA,NA,NA,NA,NA,NA,NA,NA,NA,NA,NA,NA,NA,NA,NA,NA,NA,NA,NA,NA,NA,NA,NA,NA,NA,NA,NA,NA,NA,NA,NA,NA,NA,NA,NA,NA,NA,NA,NA,NA,NA,NA,NA,NA,NA,NA,NA,NA,NA,NA,NA,NA,NA,NA,NA,NA,NA,NA,NA,1,1,1,1,1,1,1,1,2,2,2,2,2,1,1,1,1,2,2,2,2,2,1,1,2,2,2,1,1,1,1,1,1,1,1,2,2,2,2,2,2,2,2,2,1,1,2,2,2,1,1,1,1,2,2,2,2,2,NA,NA,NA,NA,NA,NA,NA,NA,NA,NA,NA,NA,NA,NA,NA,NA,NA,1,1,1,1,1,1,1,1,1,2,2,2,2,2,2,2,2,NA,NA,1649083613,NA,NA,1,NA,NA,NA,NA,NA,NA,NA,NA,NA,7,6,8,5,NA,4,1,3,2,6baa997b2a
2022-04-04T14:52:57Z,2022-04-04T14:57:14Z,IP Address,*******,100,257,TRUE,2022-04-04T14:57:14Z,R_2dHngRyAXI1PObl,*******,*******,*******,*******,*******,*******,anonymous,EN,"Yes, I agree to participate in this study.",1,1,1,1,2,2,2,2,2,NA,NA,NA,NA,NA,NA,NA,NA,NA,NA,NA,NA,NA,NA,NA,NA,NA,NA,NA,NA,NA,NA,NA,NA,NA,NA,NA,NA,NA,NA,NA,NA,NA,NA,NA,NA,NA,NA,NA,NA,NA,NA,NA,NA,NA,NA,NA,NA,NA,NA,NA,NA,NA,NA,NA,NA,NA,NA,NA,NA,NA,NA,NA,NA,NA,NA,NA,NA,NA,NA,NA,NA,NA,NA,NA,NA,NA,NA,NA,NA,NA,NA,NA,NA,NA,NA,NA,NA,NA,NA,NA,NA,NA,NA,NA,NA,NA,NA,NA,NA,NA,1,1,1,1,1,1,1,1,2,2,2,2,2,1,1,1,1,1,2,2,2,2,2,2,2,2,2,1,1,1,1,1,1,1,1,1,1,2,2,2,2,2,2,2,1,2,2,2,2,1,1,1,1,2,2,2,2,2,1,1,1,1,1,1,1,1,2,2,2,2,2,2,2,2,2,NA,NA,NA,NA,NA,NA,NA,NA,NA,NA,NA,NA,NA,NA,NA,NA,NA,NA,NA,1649083613,NA,NA,1,NA,NA,NA,NA,NA,NA,NA,NA,NA,7,6,NA,5,8,4,1,3,2,dbcbe32423
2022-04-04T14:51:52Z,2022-04-04T14:57:45Z,IP Address,*******,100,353,TRUE,2022-04-04T14:57:45Z,R_1OkPEKV985cmATY,*******,*******,*******,*******,*******,*******,anonymous,EN,"Yes, I agree to participate in this study.",1,1,1,1,1,1,1,1,2,1,1,1,2,2,2,2,2,2,1,1,1,1,1,1,2,2,2,2,2,2,2,1,1,1,1,2,2,2,2,2,1,1,1,1,2,1,1,1,1,1,1,1,1,2,2,2,2,2,2,2,2,2,1,1,1,1,2,1,1,1,1,1,1,1,2,2,NA,NA,NA,NA,NA,NA,NA,NA,NA,NA,NA,NA,NA,NA,NA,NA,NA,1,1,1,1,1,1,1,2,2,2,2,2,2,2,2,2,2,NA,NA,NA,NA,NA,NA,NA,NA,NA,NA,NA,NA,NA,NA,NA,NA,NA,NA,NA,NA,NA,NA,NA,NA,NA,NA,NA,NA,NA,NA,NA,NA,NA,NA,NA,NA,NA,NA,NA,NA,NA,NA,NA,NA,NA,NA,NA,NA,NA,NA,NA,NA,NA,NA,NA,NA,NA,NA,NA,NA,NA,NA,NA,NA,NA,NA,NA,NA,NA,NA,NA,NA,NA,NA,NA,NA,NA,NA,NA,NA,NA,NA,NA,NA,NA,NA,NA,NA,NA,NA,NA,NA,NA,NA,1649083613,NA,1,NA,8,6,7,4,1,2,3,5,NA,NA,NA,NA,NA,NA,NA,NA,NA,NA,0fb42cbc76
2022-04-04T14:52:42Z,2022-04-04T15:02:06Z,IP Address,*******,100,563,TRUE,2022-04-04T15:02:06Z,R_3FVElGLwMaxAJ3W,*******,*******,*******,*******,*******,*******,anonymous,EN,"Yes, I agree to participate in this study.",1,1,1,1,1,2,2,2,2,1,1,1,1,2,2,2,2,2,2,2,2,2,2,2,2,2,2,2,2,2,2,2,2,2,2,2,2,2,2,2,2,2,2,2,2,1,2,2,2,2,2,2,2,2,2,2,2,2,2,2,2,2,1,2,2,2,2,1,2,2,2,2,2,2,2,2,1,2,2,2,2,2,2,2,2,2,2,2,2,2,2,2,2,NA,NA,NA,NA,NA,NA,NA,NA,NA,NA,NA,NA,NA,NA,NA,NA,NA,NA,NA,NA,NA,NA,NA,NA,NA,NA,NA,NA,NA,NA,NA,NA,NA,NA,NA,NA,NA,NA,NA,NA,NA,NA,NA,NA,NA,NA,NA,NA,NA,NA,NA,NA,NA,NA,NA,NA,NA,NA,NA,NA,NA,NA,NA,NA,NA,NA,NA,NA,NA,NA,NA,NA,NA,NA,NA,NA,NA,NA,NA,NA,NA,NA,NA,NA,NA,NA,NA,NA,NA,NA,NA,NA,NA,NA,NA,NA,NA,NA,NA,NA,NA,NA,NA,NA,NA,NA,NA,NA,NA,NA,NA,1649083613,NA,1,NA,NA,6,7,4,1,2,3,5,8,NA,NA,NA,NA,NA,NA,NA,NA,NA,d889adddd1
2022-04-04T16:41:29Z,2022-04-04T16:45:30Z,IP Address,*******,100,241,TRUE,2022-04-04T16:45:31Z,R_2aVqNyKtN1be5gN,*******,*******,*******,*******,*******,*******,anonymous,EN,"Yes, I agree to participate in this study.",1,1,1,1,2,2,2,2,2,NA,NA,NA,NA,NA,NA,NA,NA,NA,NA,NA,NA,NA,NA,NA,NA,NA,NA,NA,NA,NA,NA,NA,NA,NA,NA,NA,NA,NA,NA,NA,NA,NA,NA,NA,NA,NA,NA,NA,NA,NA,NA,NA,NA,NA,NA,NA,NA,NA,NA,NA,NA,NA,NA,NA,NA,NA,NA,NA,NA,NA,NA,NA,NA,NA,NA,NA,NA,NA,NA,NA,NA,NA,NA,NA,NA,NA,NA,NA,NA,NA,NA,NA,NA,NA,NA,NA,NA,NA,NA,NA,NA,NA,NA,NA,NA,NA,NA,NA,NA,NA,1,1,1,1,1,1,2,2,2,2,2,2,2,1,1,1,1,2,2,2,2,2,1,1,1,2,2,1,1,1,1,1,1,1,1,1,2,2,2,2,2,2,2,2,1,1,1,2,2,1,1,1,1,1,2,2,2,2,1,1,1,1,1,1,1,1,1,2,2,2,2,2,2,2,2,NA,NA,NA,NA,NA,NA,NA,NA,NA,NA,NA,NA,NA,NA,NA,NA,NA,NA,I chose the midpoint between the two as I had for all others - my response had become quite automated. I'll admit I didn't read the question in full by that point as I knew what to expect so if it was different in some way then I apologise for the lack of attention.,1649083613,NA,NA,1,NA,NA,NA,NA,NA,NA,NA,NA,NA,7,6,NA,5,8,4,1,3,2,0b4de601e4
2022-04-04T16:45:14Z,2022-04-04T16:48:23Z,IP Address,*******,100,188,TRUE,2022-04-04T16:48:23Z,R_zZslW5TsRfUSUP7,*******,*******,*******,*******,*******,*******,anonymous,EN,"Yes, I agree to participate in this study.",1,1,1,1,1,1,2,2,2,1,1,1,1,1,2,2,2,2,1,1,1,1,1,1,1,1,1,1,2,2,2,1,1,1,1,1,1,2,2,2,1,1,2,2,2,1,1,1,1,1,1,1,1,1,1,1,1,2,2,2,2,2,1,1,2,2,2,1,1,1,1,1,1,1,2,2,1,1,1,1,1,1,1,1,1,1,1,1,1,1,2,2,2,NA,NA,NA,NA,NA,NA,NA,NA,NA,NA,NA,NA,NA,NA,NA,NA,NA,NA,NA,NA,NA,NA,NA,NA,NA,NA,NA,NA,NA,NA,NA,NA,NA,NA,NA,NA,NA,NA,NA,NA,NA,NA,NA,NA,NA,NA,NA,NA,NA,NA,NA,NA,NA,NA,NA,NA,NA,NA,NA,NA,NA,NA,NA,NA,NA,NA,NA,NA,NA,NA,NA,NA,NA,NA,NA,NA,NA,NA,NA,NA,NA,NA,NA,NA,NA,NA,NA,NA,NA,NA,NA,NA,NA,NA,NA,NA,NA,NA,NA,NA,NA,NA,NA,NA,NA,NA,NA,NA,NA,NA,NA,1649089863,NA,1,NA,NA,6,7,4,1,2,3,5,8,NA,NA,NA,NA,NA,NA,NA,NA,NA,375d246b16
2022-04-04T16:45:05Z,2022-04-04T16:48:54Z,IP Address,*******,100,229,TRUE,2022-04-04T16:48:54Z,R_AF0w7jrhTO9DkZ3,*******,*******,*******,*******,*******,*******,anonymous,EN,"Yes, I agree to participate in this study.",1,1,1,1,1,2,2,2,2,1,1,1,1,1,1,2,2,2,1,1,1,1,1,1,1,1,1,1,1,1,2,1,1,1,1,1,2,2,2,2,1,1,1,2,2,1,1,1,2,2,2,2,2,2,2,2,2,2,2,2,2,2,1,1,2,2,2,1,1,1,1,1,1,1,2,2,NA,NA,NA,NA,NA,NA,NA,NA,NA,NA,NA,NA,NA,NA,NA,NA,NA,1,1,1,1,1,1,1,1,1,1,1,1,2,2,2,2,2,NA,NA,NA,NA,NA,NA,NA,NA,NA,NA,NA,NA,NA,NA,NA,NA,NA,NA,NA,NA,NA,NA,NA,NA,NA,NA,NA,NA,NA,NA,NA,NA,NA,NA,NA,NA,NA,NA,NA,NA,NA,NA,NA,NA,NA,NA,NA,NA,NA,NA,NA,NA,NA,NA,NA,NA,NA,NA,NA,NA,NA,NA,NA,NA,NA,NA,NA,NA,NA,NA,NA,NA,NA,NA,NA,NA,NA,NA,NA,NA,NA,NA,NA,NA,NA,NA,NA,NA,NA,NA,NA,NA,Everything clear,"I think was more hard to choose between 2 options more inside of Tails or Heads, wish know the correct answer haha",1649089863,NA,1,NA,8,6,7,4,1,2,3,5,NA,NA,NA,NA,NA,NA,NA,NA,NA,NA,b4c7584a15
2022-04-04T16:46:34Z,2022-04-04T16:49:06Z,IP Address,*******,100,152,TRUE,2022-04-04T16:49:07Z,R_3sicLVy3nn8UrYa,*******,*******,*******,*******,*******,*******,anonymous,EN,"Yes, I agree to participate in this study.",1,1,1,1,1,2,2,2,2,1,1,1,1,2,2,2,2,2,NA,NA,NA,NA,NA,NA,NA,NA,NA,NA,NA,NA,NA,NA,NA,NA,NA,NA,NA,NA,NA,NA,NA,NA,NA,NA,NA,NA,NA,NA,NA,NA,NA,NA,NA,NA,NA,NA,NA,NA,NA,NA,NA,NA,NA,NA,NA,NA,NA,NA,NA,NA,NA,NA,NA,NA,NA,NA,NA,NA,NA,NA,NA,NA,NA,NA,NA,NA,NA,NA,NA,NA,NA,NA,NA,NA,NA,NA,NA,NA,NA,NA,NA,NA,NA,NA,NA,NA,NA,NA,NA,NA,1,2,2,2,2,2,2,2,2,2,2,2,2,1,2,2,2,2,2,2,2,2,1,2,2,2,2,1,1,1,1,1,2,2,2,2,2,2,2,2,2,2,2,2,1,1,1,2,2,1,1,1,1,1,2,2,2,2,NA,NA,NA,NA,NA,NA,NA,NA,NA,NA,NA,NA,NA,NA,NA,NA,NA,1,1,1,1,1,1,2,2,2,2,2,2,2,2,2,2,2,NA,NA,1649089863,NA,NA,1,NA,NA,NA,NA,NA,NA,NA,NA,NA,7,6,8,5,NA,4,1,3,2,861fc7cca2
2022-04-04T16:43:22Z,2022-04-04T16:49:10Z,IP Address,*******,100,348,TRUE,2022-04-04T16:49:11Z,R_1pMQL4u2AjF0CaA,*******,*******,*******,*******,*******,*******,anonymous,EN,"Yes, I agree to participate in this study.",2,2,2,2,2,2,2,2,2,2,2,2,2,2,2,2,2,2,2,2,2,2,2,2,2,2,2,2,2,2,2,2,2,2,2,2,2,2,2,2,2,2,2,2,2,2,2,2,2,2,2,2,2,2,2,2,2,2,2,2,2,2,2,2,2,2,2,2,2,2,2,2,2,2,2,2,2,2,2,2,2,2,2,2,2,2,2,2,2,2,2,2,2,NA,NA,NA,NA,NA,NA,NA,NA,NA,NA,NA,NA,NA,NA,NA,NA,NA,NA,NA,NA,NA,NA,NA,NA,NA,NA,NA,NA,NA,NA,NA,NA,NA,NA,NA,NA,NA,NA,NA,NA,NA,NA,NA,NA,NA,NA,NA,NA,NA,NA,NA,NA,NA,NA,NA,NA,NA,NA,NA,NA,NA,NA,NA,NA,NA,NA,NA,NA,NA,NA,NA,NA,NA,NA,NA,NA,NA,NA,NA,NA,NA,NA,NA,NA,NA,NA,NA,NA,NA,NA,NA,NA,NA,NA,NA,NA,NA,NA,NA,NA,NA,NA,NA,NA,NA,NA,NA,NA,NA,NA,NA,1649089863,NA,1,NA,NA,6,7,4,1,2,3,5,8,NA,NA,NA,NA,NA,NA,NA,NA,NA,ae2003b85b
2022-04-04T16:45:55Z,2022-04-04T16:50:11Z,IP Address,*******,100,255,TRUE,2022-04-04T16:50:11Z,R_1OYTBRkxRteCnSo,*******,*******,*******,*******,*******,*******,anonymous,EN,"Yes, I agree to participate in this study.",1,1,1,1,2,2,2,2,2,NA,NA,NA,NA,NA,NA,NA,NA,NA,NA,NA,NA,NA,NA,NA,NA,NA,NA,NA,NA,NA,NA,NA,NA,NA,NA,NA,NA,NA,NA,NA,NA,NA,NA,NA,NA,NA,NA,NA,NA,NA,NA,NA,NA,NA,NA,NA,NA,NA,NA,NA,NA,NA,NA,NA,NA,NA,NA,NA,NA,NA,NA,NA,NA,NA,NA,NA,NA,NA,NA,NA,NA,NA,NA,NA,NA,NA,NA,NA,NA,NA,NA,NA,NA,NA,NA,NA,NA,NA,NA,NA,NA,NA,NA,NA,NA,NA,NA,NA,NA,NA,1,1,1,1,1,1,1,2,2,2,2,2,2,1,1,1,1,1,1,2,2,2,1,1,1,1,1,1,1,1,1,1,1,1,1,1,2,2,2,2,2,2,2,2,1,1,1,2,2,1,1,1,1,2,2,2,2,2,1,1,1,1,1,1,1,1,2,2,2,2,2,2,2,2,2,NA,NA,NA,NA,NA,NA,NA,NA,NA,NA,NA,NA,NA,NA,NA,NA,NA,NA,NA,1649089863,NA,NA,1,NA,NA,NA,NA,NA,NA,NA,NA,NA,7,6,NA,5,8,4,1,3,2,45dec133ba
2022-04-04T16:42:55Z,2022-04-04T16:50:15Z,IP Address,*******,100,440,TRUE,2022-04-04T16:50:15Z,R_2AMbaKDYR7sEfOw,*******,*******,*******,*******,*******,*******,anonymous,EN,"Yes, I agree to participate in this study.",2,2,2,2,2,2,2,2,2,1,1,1,1,2,2,2,2,2,NA,NA,NA,NA,NA,NA,NA,NA,NA,NA,NA,NA,NA,NA,NA,NA,NA,NA,NA,NA,NA,NA,NA,NA,NA,NA,NA,NA,NA,NA,NA,NA,NA,NA,NA,NA,NA,NA,NA,NA,NA,NA,NA,NA,NA,NA,NA,NA,NA,NA,NA,NA,NA,NA,NA,NA,NA,NA,NA,NA,NA,NA,NA,NA,NA,NA,NA,NA,NA,NA,NA,NA,NA,NA,NA,NA,NA,NA,NA,NA,NA,NA,NA,NA,NA,NA,NA,NA,NA,NA,NA,NA,1,1,1,1,1,2,2,2,2,2,2,2,2,1,1,1,1,1,2,2,2,2,1,1,1,2,2,1,1,1,1,1,1,1,1,1,1,1,2,2,2,2,2,2,1,1,1,2,2,1,1,1,1,1,1,2,2,2,NA,NA,NA,NA,NA,NA,NA,NA,NA,NA,NA,NA,NA,NA,NA,NA,NA,1,1,1,1,1,1,1,1,2,2,2,2,2,2,2,2,2,NA,NA,1649089863,NA,NA,1,NA,NA,NA,NA,NA,NA,NA,NA,NA,7,6,8,5,NA,4,1,3,2,ca5ea312b8
2022-04-04T16:46:42Z,2022-04-04T16:50:21Z,IP Address,*******,100,219,TRUE,2022-04-04T16:50:21Z,R_3QSopcwlO0MeS15,*******,*******,*******,*******,*******,*******,anonymous,EN,"Yes, I agree to participate in this study.",1,1,1,1,2,2,2,2,2,NA,NA,NA,NA,NA,NA,NA,NA,NA,1,1,1,1,1,1,1,1,1,1,2,2,2,1,1,1,1,1,1,1,1,1,1,1,1,1,2,1,1,1,1,1,1,1,1,1,1,1,1,1,2,2,2,2,1,1,1,1,2,1,1,1,1,1,2,2,2,2,NA,NA,NA,NA,NA,NA,NA,NA,NA,NA,NA,NA,NA,NA,NA,NA,NA,1,1,1,1,1,1,1,1,1,1,1,1,1,1,2,2,2,NA,NA,NA,NA,NA,NA,NA,NA,NA,NA,NA,NA,NA,NA,NA,NA,NA,NA,NA,NA,NA,NA,NA,NA,NA,NA,NA,NA,NA,NA,NA,NA,NA,NA,NA,NA,NA,NA,NA,NA,NA,NA,NA,NA,NA,NA,NA,NA,NA,NA,NA,NA,NA,NA,NA,NA,NA,NA,NA,NA,NA,NA,NA,NA,NA,NA,NA,NA,NA,NA,NA,NA,NA,NA,NA,NA,NA,NA,NA,NA,NA,NA,NA,NA,NA,NA,NA,NA,NA,NA,NA,NA,NA,Bit confusing,1649089863,NA,1,NA,8,6,7,4,1,2,3,5,NA,NA,NA,NA,NA,NA,NA,NA,NA,NA,7557d230f2
2022-04-04T16:45:09Z,2022-04-04T16:50:56Z,IP Address,*******,100,346,TRUE,2022-04-04T16:50:56Z,R_1DU0TIPclspFFke,*******,*******,*******,*******,*******,*******,anonymous,EN,"Yes, I agree to participate in this study.",1,1,1,1,2,2,2,2,2,NA,NA,NA,NA,NA,NA,NA,NA,NA,NA,NA,NA,NA,NA,NA,NA,NA,NA,NA,NA,NA,NA,NA,NA,NA,NA,NA,NA,NA,NA,NA,NA,NA,NA,NA,NA,NA,NA,NA,NA,NA,NA,NA,NA,NA,NA,NA,NA,NA,NA,NA,NA,NA,NA,NA,NA,NA,NA,NA,NA,NA,NA,NA,NA,NA,NA,NA,NA,NA,NA,NA,NA,NA,NA,NA,NA,NA,NA,NA,NA,NA,NA,NA,NA,NA,NA,NA,NA,NA,NA,NA,NA,NA,NA,NA,NA,NA,NA,NA,NA,NA,1,1,1,1,1,2,2,2,2,2,2,2,2,1,1,1,1,1,2,2,2,2,1,1,1,1,1,1,1,1,1,1,1,1,2,2,2,2,2,2,2,2,2,2,1,1,1,1,1,1,1,1,1,1,1,1,1,1,1,1,1,1,1,1,1,1,1,2,2,2,2,2,2,2,2,NA,NA,NA,NA,NA,NA,NA,NA,NA,NA,NA,NA,NA,NA,NA,NA,NA,NA,Nothing in particular standed out to me in question 7,1649089863,NA,NA,1,NA,NA,NA,NA,NA,NA,NA,NA,NA,7,6,NA,5,8,4,1,3,2,ebd694755a
2022-04-04T16:46:41Z,2022-04-04T16:51:07Z,IP Address,*******,100,265,TRUE,2022-04-04T16:51:10Z,R_2Y3cM5FXIYSD4N8,*******,*******,*******,*******,*******,*******,anonymous,EN,"Yes, I agree to participate in this study.",1,1,1,1,2,2,2,2,2,NA,NA,NA,NA,NA,NA,NA,NA,NA,1,1,1,1,1,1,2,2,2,2,2,2,2,1,1,1,1,1,1,2,2,2,1,1,2,2,2,1,1,1,1,1,1,1,1,1,1,1,2,2,2,2,2,2,1,1,1,2,2,1,1,1,1,1,1,2,2,2,NA,NA,NA,NA,NA,NA,NA,NA,NA,NA,NA,NA,NA,NA,NA,NA,NA,1,1,1,1,1,1,1,1,2,2,2,2,2,2,2,2,2,NA,NA,NA,NA,NA,NA,NA,NA,NA,NA,NA,NA,NA,NA,NA,NA,NA,NA,NA,NA,NA,NA,NA,NA,NA,NA,NA,NA,NA,NA,NA,NA,NA,NA,NA,NA,NA,NA,NA,NA,NA,NA,NA,NA,NA,NA,NA,NA,NA,NA,NA,NA,NA,NA,NA,NA,NA,NA,NA,NA,NA,NA,NA,NA,NA,NA,NA,NA,NA,NA,NA,NA,NA,NA,NA,NA,NA,NA,NA,NA,NA,NA,NA,NA,NA,NA,NA,NA,NA,NA,NA,NA,NA,NA,1649089863,NA,1,NA,8,6,7,4,1,2,3,5,NA,NA,NA,NA,NA,NA,NA,NA,NA,NA,718089f191
2022-04-04T16:46:11Z,2022-04-04T16:51:14Z,IP Address,*******,100,302,TRUE,2022-04-04T16:51:14Z,R_2e5ccknG06XkMUj,*******,*******,*******,*******,*******,*******,anonymous,EN,"Yes, I agree to participate in this study.",2,2,2,2,2,2,2,2,2,1,1,1,1,2,2,2,2,2,NA,NA,NA,NA,NA,NA,NA,NA,NA,NA,NA,NA,NA,NA,NA,NA,NA,NA,NA,NA,NA,NA,NA,NA,NA,NA,NA,NA,NA,NA,NA,NA,NA,NA,NA,NA,NA,NA,NA,NA,NA,NA,NA,NA,NA,NA,NA,NA,NA,NA,NA,NA,NA,NA,NA,NA,NA,NA,NA,NA,NA,NA,NA,NA,NA,NA,NA,NA,NA,NA,NA,NA,NA,NA,NA,NA,NA,NA,NA,NA,NA,NA,NA,NA,NA,NA,NA,NA,NA,NA,NA,NA,1,1,1,1,1,2,2,2,2,2,2,2,2,1,1,1,2,2,2,2,2,2,1,1,1,1,1,1,1,1,1,1,1,1,1,2,2,2,2,2,2,2,2,2,1,1,1,2,2,1,1,1,1,1,2,2,2,2,1,1,1,1,1,2,2,2,2,2,2,2,2,2,2,2,2,NA,NA,NA,NA,NA,NA,NA,NA,NA,NA,NA,NA,NA,NA,NA,NA,NA,no,everything was clear,1649089863,NA,NA,1,NA,NA,NA,NA,NA,NA,NA,NA,NA,7,6,NA,5,8,4,1,3,2,21f8b5185c
2022-04-04T16:45:15Z,2022-04-04T16:51:19Z,IP Address,*******,100,364,TRUE,2022-04-04T16:51:20Z,R_2bOgzEwssDSWPDE,*******,*******,*******,*******,*******,*******,anonymous,EN,"Yes, I agree to participate in this study.",1,1,1,1,2,2,2,2,2,NA,NA,NA,NA,NA,NA,NA,NA,NA,1,1,1,1,1,1,1,1,2,2,2,2,2,1,1,1,1,1,1,1,2,2,1,1,1,2,2,1,1,1,1,1,1,1,1,1,2,2,2,2,2,2,2,2,1,1,2,2,2,1,1,1,1,1,2,2,2,2,NA,NA,NA,NA,NA,NA,NA,NA,NA,NA,NA,NA,NA,NA,NA,NA,NA,1,1,1,1,1,1,1,2,2,2,2,2,2,2,2,2,2,NA,NA,NA,NA,NA,NA,NA,NA,NA,NA,NA,NA,NA,NA,NA,NA,NA,NA,NA,NA,NA,NA,NA,NA,NA,NA,NA,NA,NA,NA,NA,NA,NA,NA,NA,NA,NA,NA,NA,NA,NA,NA,NA,NA,NA,NA,NA,NA,NA,NA,NA,NA,NA,NA,NA,NA,NA,NA,NA,NA,NA,NA,NA,NA,NA,NA,NA,NA,NA,NA,NA,NA,NA,NA,NA,NA,NA,NA,NA,NA,NA,NA,NA,NA,NA,NA,NA,NA,NA,NA,NA,NA,NA,i think it is very intriguing to ask people about a second coin flip and thus changing up the chance for specific amounts of money. it is psychologically and mathematically interesting.,1649089863,NA,1,NA,8,6,7,4,1,2,3,5,NA,NA,NA,NA,NA,NA,NA,NA,NA,NA,4381ba1301
2022-04-04T16:44:38Z,2022-04-04T16:51:28Z,IP Address,*******,100,409,TRUE,2022-04-04T16:51:28Z,R_5cChqGoiHVt9jJn,*******,*******,*******,*******,*******,*******,anonymous,EN,"Yes, I agree to participate in this study.",1,1,1,1,1,1,2,2,2,1,1,1,1,2,2,2,2,2,NA,NA,NA,NA,NA,NA,NA,NA,NA,NA,NA,NA,NA,NA,NA,NA,NA,NA,NA,NA,NA,NA,NA,NA,NA,NA,NA,NA,NA,NA,NA,NA,NA,NA,NA,NA,NA,NA,NA,NA,NA,NA,NA,NA,NA,NA,NA,NA,NA,NA,NA,NA,NA,NA,NA,NA,NA,NA,NA,NA,NA,NA,NA,NA,NA,NA,NA,NA,NA,NA,NA,NA,NA,NA,NA,NA,NA,NA,NA,NA,NA,NA,NA,NA,NA,NA,NA,NA,NA,NA,NA,NA,1,1,1,1,1,1,1,1,1,1,1,1,2,1,1,1,1,1,1,1,1,2,1,1,1,1,2,1,1,1,1,1,1,1,1,2,2,2,2,2,2,2,2,2,1,1,1,1,1,1,1,1,1,1,1,1,1,2,1,1,1,1,1,1,1,1,2,2,2,2,2,2,2,2,2,NA,NA,NA,NA,NA,NA,NA,NA,NA,NA,NA,NA,NA,NA,NA,NA,NA,NA,Interesting,1649083613,NA,NA,1,NA,NA,NA,NA,NA,NA,NA,NA,NA,7,6,NA,5,8,4,1,3,2,02a0cdd6ab
2022-04-04T16:45:09Z,2022-04-04T16:51:32Z,IP Address,*******,100,382,TRUE,2022-04-04T16:51:33Z,R_1FgMTcHibX6x2D5,*******,*******,*******,*******,*******,*******,anonymous,EN,"Yes, I agree to participate in this study.",1,1,1,1,2,2,2,2,2,NA,NA,NA,NA,NA,NA,NA,NA,NA,1,1,1,2,2,2,2,2,2,2,2,2,2,1,1,1,2,2,2,2,2,2,1,1,1,2,2,1,1,1,1,1,1,1,1,1,2,2,2,2,2,2,2,2,1,1,1,2,2,1,1,1,1,1,2,2,2,2,1,1,1,1,1,1,1,1,1,2,2,2,2,2,2,2,2,NA,NA,NA,NA,NA,NA,NA,NA,NA,NA,NA,NA,NA,NA,NA,NA,NA,NA,NA,NA,NA,NA,NA,NA,NA,NA,NA,NA,NA,NA,NA,NA,NA,NA,NA,NA,NA,NA,NA,NA,NA,NA,NA,NA,NA,NA,NA,NA,NA,NA,NA,NA,NA,NA,NA,NA,NA,NA,NA,NA,NA,NA,NA,NA,NA,NA,NA,NA,NA,NA,NA,NA,NA,NA,NA,NA,NA,NA,NA,NA,NA,NA,NA,NA,NA,NA,NA,NA,NA,NA,NA,NA,NA,NA,NA,NA,NA,NA,NA,NA,NA,NA,NA,NA,NA,NA,NA,NA,NA,NA,NA,1649089863,NA,1,NA,NA,6,7,4,1,2,3,5,8,NA,NA,NA,NA,NA,NA,NA,NA,NA,3523ccdbc9
2022-04-04T16:46:34Z,2022-04-04T16:51:43Z,IP Address,*******,100,309,TRUE,2022-04-04T16:51:44Z,R_1IF8DUx1FVcVi24,*******,*******,*******,*******,*******,*******,anonymous,EN,"Yes, I agree to participate in this study.",1,1,1,2,2,2,2,2,2,1,1,1,2,2,2,2,2,2,1,1,1,1,1,1,2,2,2,2,2,2,2,2,2,2,2,2,2,2,2,2,1,1,2,2,2,1,1,1,1,1,1,1,1,1,1,1,1,2,2,2,2,2,1,1,1,1,2,2,2,2,2,2,2,2,2,2,1,1,1,1,1,1,1,1,1,1,1,2,2,2,2,2,2,NA,NA,NA,NA,NA,NA,NA,NA,NA,NA,NA,NA,NA,NA,NA,NA,NA,NA,NA,NA,NA,NA,NA,NA,NA,NA,NA,NA,NA,NA,NA,NA,NA,NA,NA,NA,NA,NA,NA,NA,NA,NA,NA,NA,NA,NA,NA,NA,NA,NA,NA,NA,NA,NA,NA,NA,NA,NA,NA,NA,NA,NA,NA,NA,NA,NA,NA,NA,NA,NA,NA,NA,NA,NA,NA,NA,NA,NA,NA,NA,NA,NA,NA,NA,NA,NA,NA,NA,NA,NA,NA,NA,NA,NA,NA,NA,NA,NA,NA,NA,NA,NA,NA,NA,NA,NA,NA,NA,NA,NA,NA,1649089863,NA,1,NA,NA,6,7,4,1,2,3,5,8,NA,NA,NA,NA,NA,NA,NA,NA,NA,67b5bb222c
2022-04-04T16:46:16Z,2022-04-04T16:52:33Z,IP Address,*******,100,377,TRUE,2022-04-04T16:52:34Z,R_1OiWv7PVpVcUzB4,*******,*******,*******,*******,*******,*******,anonymous,EN,"Yes, I agree to participate in this study.",1,1,1,1,1,1,2,2,2,1,2,2,2,2,2,2,2,2,NA,NA,NA,NA,NA,NA,NA,NA,NA,NA,NA,NA,NA,NA,NA,NA,NA,NA,NA,NA,NA,NA,NA,NA,NA,NA,NA,NA,NA,NA,NA,NA,NA,NA,NA,NA,NA,NA,NA,NA,NA,NA,NA,NA,NA,NA,NA,NA,NA,NA,NA,NA,NA,NA,NA,NA,NA,NA,NA,NA,NA,NA,NA,NA,NA,NA,NA,NA,NA,NA,NA,NA,NA,NA,NA,NA,NA,NA,NA,NA,NA,NA,NA,NA,NA,NA,NA,NA,NA,NA,NA,NA,1,1,1,1,1,2,2,2,2,2,2,2,2,1,1,1,2,2,2,2,2,2,1,1,2,2,2,1,1,1,1,1,1,1,1,1,1,1,2,2,2,2,2,2,1,1,1,2,2,1,1,1,1,1,1,2,2,2,1,1,1,1,1,1,1,1,2,2,2,2,2,2,2,2,2,NA,NA,NA,NA,NA,NA,NA,NA,NA,NA,NA,NA,NA,NA,NA,NA,NA,NA,It didnâ€™t appear any different,1649089863,NA,NA,1,NA,NA,NA,NA,NA,NA,NA,NA,NA,7,6,NA,5,8,4,1,3,2,8fb835751e
2022-04-04T16:48:07Z,2022-04-04T16:54:00Z,IP Address,*******,100,352,TRUE,2022-04-04T16:54:00Z,R_2741bhG1Tn0m1xy,*******,*******,*******,*******,*******,*******,anonymous,EN,"Yes, I agree to participate in this study.",1,1,1,1,1,1,1,2,2,1,1,1,1,1,2,2,2,2,NA,NA,NA,NA,NA,NA,NA,NA,NA,NA,NA,NA,NA,NA,NA,NA,NA,NA,NA,NA,NA,NA,NA,NA,NA,NA,NA,NA,NA,NA,NA,NA,NA,NA,NA,NA,NA,NA,NA,NA,NA,NA,NA,NA,NA,NA,NA,NA,NA,NA,NA,NA,NA,NA,NA,NA,NA,NA,NA,NA,NA,NA,NA,NA,NA,NA,NA,NA,NA,NA,NA,NA,NA,NA,NA,NA,NA,NA,NA,NA,NA,NA,NA,NA,NA,NA,NA,NA,NA,NA,NA,NA,1,1,1,1,1,1,1,1,2,2,2,2,2,1,1,1,1,1,1,2,2,2,1,1,2,2,2,1,1,1,1,1,1,1,1,1,1,2,2,2,2,2,2,2,1,1,2,2,2,1,1,1,1,2,2,2,2,2,1,1,1,1,1,1,1,1,1,1,1,2,2,2,2,2,2,NA,NA,NA,NA,NA,NA,NA,NA,NA,NA,NA,NA,NA,NA,NA,NA,NA,NA,I wasn't sure of which amount of money to put in,1649089863,NA,NA,1,NA,NA,NA,NA,NA,NA,NA,NA,NA,7,6,NA,5,8,4,1,3,2,370789c6a3
2022-04-04T16:45:18Z,2022-04-04T16:55:15Z,IP Address,*******,100,596,TRUE,2022-04-04T16:55:15Z,R_1Ca7gqO1i5OmjZb,*******,*******,*******,*******,*******,*******,anonymous,EN,"Yes, I agree to participate in this study.",1,1,1,1,2,2,2,2,2,NA,NA,NA,NA,NA,NA,NA,NA,NA,1,1,1,1,1,1,1,2,2,2,2,2,2,1,1,1,1,2,2,2,2,2,1,1,1,1,2,1,1,1,1,1,1,1,1,2,2,2,2,2,2,2,2,2,1,1,1,1,2,1,1,1,1,1,2,2,2,2,NA,NA,NA,NA,NA,NA,NA,NA,NA,NA,NA,NA,NA,NA,NA,NA,NA,1,1,1,1,1,1,1,1,1,1,1,1,2,2,2,2,2,NA,NA,NA,NA,NA,NA,NA,NA,NA,NA,NA,NA,NA,NA,NA,NA,NA,NA,NA,NA,NA,NA,NA,NA,NA,NA,NA,NA,NA,NA,NA,NA,NA,NA,NA,NA,NA,NA,NA,NA,NA,NA,NA,NA,NA,NA,NA,NA,NA,NA,NA,NA,NA,NA,NA,NA,NA,NA,NA,NA,NA,NA,NA,NA,NA,NA,NA,NA,NA,NA,NA,NA,NA,NA,NA,NA,NA,NA,NA,NA,NA,NA,NA,NA,NA,NA,NA,NA,NA,NA,NA,NA,"At first it was perhaps a bit confusing, but as soon as you ask the ""tutorial"" question, all doubts are cleared up.","It reminded me of some kind of basic probability exercise I saw in my first year of university, where the variable here is the probability of getting $7 more often than $3.",1649089863,NA,1,NA,8,6,7,4,1,2,3,5,NA,NA,NA,NA,NA,NA,NA,NA,NA,NA,756a56639b
2022-04-04T16:53:37Z,2022-04-04T16:56:55Z,IP Address,*******,100,197,TRUE,2022-04-04T16:56:55Z,R_pFuKd9eKPdRST7z,*******,*******,*******,*******,*******,*******,anonymous,EN,"Yes, I agree to participate in this study.",2,2,2,2,2,2,2,2,2,2,2,2,2,2,2,2,2,2,2,2,2,2,2,2,2,2,2,2,2,2,2,2,2,2,2,2,2,2,2,2,2,2,2,2,2,2,2,2,2,2,2,2,2,2,2,2,2,2,2,2,2,2,2,2,2,2,2,2,2,2,2,2,2,2,2,2,NA,NA,NA,NA,NA,NA,NA,NA,NA,NA,NA,NA,NA,NA,NA,NA,NA,2,2,2,2,2,2,2,2,2,2,2,2,2,2,2,2,2,NA,NA,NA,NA,NA,NA,NA,NA,NA,NA,NA,NA,NA,NA,NA,NA,NA,NA,NA,NA,NA,NA,NA,NA,NA,NA,NA,NA,NA,NA,NA,NA,NA,NA,NA,NA,NA,NA,NA,NA,NA,NA,NA,NA,NA,NA,NA,NA,NA,NA,NA,NA,NA,NA,NA,NA,NA,NA,NA,NA,NA,NA,NA,NA,NA,NA,NA,NA,NA,NA,NA,NA,NA,NA,NA,NA,NA,NA,NA,NA,NA,NA,NA,NA,NA,NA,NA,NA,NA,NA,NA,NA,NA,NA,1649089863,NA,1,NA,8,6,7,4,1,2,3,5,NA,NA,NA,NA,NA,NA,NA,NA,NA,NA,e8fca3d089
2022-04-04T16:47:05Z,2022-04-04T16:59:50Z,IP Address,*******,100,764,TRUE,2022-04-04T16:59:50Z,R_ZgfVBpArm2R7sSl,*******,*******,*******,*******,*******,*******,anonymous,EN,"Yes, I agree to participate in this study.",1,1,1,1,2,2,2,2,2,NA,NA,NA,NA,NA,NA,NA,NA,NA,NA,NA,NA,NA,NA,NA,NA,NA,NA,NA,NA,NA,NA,NA,NA,NA,NA,NA,NA,NA,NA,NA,NA,NA,NA,NA,NA,NA,NA,NA,NA,NA,NA,NA,NA,NA,NA,NA,NA,NA,NA,NA,NA,NA,NA,NA,NA,NA,NA,NA,NA,NA,NA,NA,NA,NA,NA,NA,NA,NA,NA,NA,NA,NA,NA,NA,NA,NA,NA,NA,NA,NA,NA,NA,NA,NA,NA,NA,NA,NA,NA,NA,NA,NA,NA,NA,NA,NA,NA,NA,NA,NA,1,1,1,2,2,2,2,2,2,2,2,2,2,1,1,2,2,2,2,2,2,2,1,1,2,2,2,1,1,1,1,2,2,2,2,2,2,2,2,2,2,2,2,2,1,2,2,2,2,1,1,2,2,2,2,2,2,2,1,1,2,2,2,2,2,2,2,2,2,2,2,2,2,2,2,NA,NA,NA,NA,NA,NA,NA,NA,NA,NA,NA,NA,NA,NA,NA,NA,NA,I'm not sure that my decission affects too much to the final result ...,Pretty random result ...,1649089863,NA,NA,1,NA,NA,NA,NA,NA,NA,NA,NA,NA,7,6,NA,5,8,4,1,3,2,05e8562e0b
2022-04-04T18:44:48Z,2022-04-04T18:49:07Z,IP Address,*******,100,259,TRUE,2022-04-04T18:49:08Z,R_UK4i0N6rQQRtcR3,*******,*******,*******,*******,*******,*******,anonymous,EN,"Yes, I agree to participate in this study.",2,2,2,2,2,2,2,2,2,1,1,1,1,2,2,2,2,2,1,1,1,1,1,2,2,2,2,2,2,2,2,1,1,1,2,2,2,2,2,2,1,2,2,2,2,1,1,1,1,2,2,2,2,2,2,2,2,2,2,2,2,2,1,2,2,2,2,1,1,1,1,2,2,2,2,2,1,1,2,2,2,2,2,2,2,2,2,2,2,2,2,2,2,NA,NA,NA,NA,NA,NA,NA,NA,NA,NA,NA,NA,NA,NA,NA,NA,NA,NA,NA,NA,NA,NA,NA,NA,NA,NA,NA,NA,NA,NA,NA,NA,NA,NA,NA,NA,NA,NA,NA,NA,NA,NA,NA,NA,NA,NA,NA,NA,NA,NA,NA,NA,NA,NA,NA,NA,NA,NA,NA,NA,NA,NA,NA,NA,NA,NA,NA,NA,NA,NA,NA,NA,NA,NA,NA,NA,NA,NA,NA,NA,NA,NA,NA,NA,NA,NA,NA,NA,NA,NA,NA,NA,NA,NA,NA,NA,NA,NA,NA,NA,NA,NA,NA,NA,NA,NA,NA,NA,NA,NA,NA,1649093844,NA,1,NA,NA,6,7,4,1,2,3,5,8,NA,NA,NA,NA,NA,NA,NA,NA,NA,d818f1f2c4
2022-04-04T18:44:25Z,2022-04-04T18:50:30Z,IP Address,*******,100,364,TRUE,2022-04-04T18:50:31Z,R_1iq6ZFBaoTM0wvt,*******,*******,*******,*******,*******,*******,anonymous,EN,"Yes, I agree to participate in this study.",1,1,1,1,2,2,2,2,2,NA,NA,NA,NA,NA,NA,NA,NA,NA,NA,NA,NA,NA,NA,NA,NA,NA,NA,NA,NA,NA,NA,NA,NA,NA,NA,NA,NA,NA,NA,NA,NA,NA,NA,NA,NA,NA,NA,NA,NA,NA,NA,NA,NA,NA,NA,NA,NA,NA,NA,NA,NA,NA,NA,NA,NA,NA,NA,NA,NA,NA,NA,NA,NA,NA,NA,NA,NA,NA,NA,NA,NA,NA,NA,NA,NA,NA,NA,NA,NA,NA,NA,NA,NA,NA,NA,NA,NA,NA,NA,NA,NA,NA,NA,NA,NA,NA,NA,NA,NA,NA,1,1,1,1,1,1,2,2,2,2,2,2,2,1,1,1,1,1,2,2,2,2,1,1,2,2,2,1,1,1,1,1,1,1,1,1,2,2,2,2,2,2,2,2,1,1,2,2,2,1,1,1,1,2,2,2,2,2,1,1,1,1,1,1,1,1,1,2,2,2,2,2,2,2,2,NA,NA,NA,NA,NA,NA,NA,NA,NA,NA,NA,NA,NA,NA,NA,NA,NA,"That was quite interesting, never thought of what would I choose so I aimed for the middle. That is a bit like polder-model in decision-making :) good compromise.",I don't have any specific thoughts. I was aiming for the middle.,1649089863,NA,NA,1,NA,NA,NA,NA,NA,NA,NA,NA,NA,7,6,NA,5,8,4,1,3,2,44af0c4dcf
2022-04-04T18:47:12Z,2022-04-04T18:50:52Z,IP Address,*******,100,219,TRUE,2022-04-04T18:50:52Z,R_qX8e42o5xitCOqZ,*******,*******,*******,*******,*******,*******,anonymous,EN,"Yes, I agree to participate in this study.",1,1,1,1,2,2,2,2,2,NA,NA,NA,NA,NA,NA,NA,NA,NA,1,1,1,1,1,1,1,2,2,2,2,2,2,1,1,1,1,2,2,2,2,2,1,1,1,1,1,1,1,1,1,1,1,1,1,1,1,1,1,2,2,2,2,2,1,1,1,1,1,1,1,1,1,1,1,1,1,1,NA,NA,NA,NA,NA,NA,NA,NA,NA,NA,NA,NA,NA,NA,NA,NA,NA,1,1,1,1,1,1,1,2,2,2,2,2,2,2,2,2,2,NA,NA,NA,NA,NA,NA,NA,NA,NA,NA,NA,NA,NA,NA,NA,NA,NA,NA,NA,NA,NA,NA,NA,NA,NA,NA,NA,NA,NA,NA,NA,NA,NA,NA,NA,NA,NA,NA,NA,NA,NA,NA,NA,NA,NA,NA,NA,NA,NA,NA,NA,NA,NA,NA,NA,NA,NA,NA,NA,NA,NA,NA,NA,NA,NA,NA,NA,NA,NA,NA,NA,NA,NA,NA,NA,NA,NA,NA,NA,NA,NA,NA,NA,NA,NA,NA,NA,NA,NA,NA,NA,NA,NA,"It was a bit confusing for me to understand, but I basically understood",1649093844,NA,1,NA,8,6,7,4,1,2,3,5,NA,NA,NA,NA,NA,NA,NA,NA,NA,NA,e9353ab888
2022-04-04T18:45:14Z,2022-04-04T18:51:16Z,IP Address,*******,100,361,TRUE,2022-04-04T18:51:17Z,R_oYRHAo0DnaZbzih,*******,*******,*******,*******,*******,*******,anonymous,EN,"Yes, I agree to participate in this study.",1,1,1,1,1,2,2,2,2,1,1,1,1,2,2,2,2,2,1,1,1,1,1,1,1,1,2,2,2,2,2,1,1,1,1,2,2,2,2,2,1,1,1,1,2,1,1,1,1,1,1,1,1,1,1,1,1,1,2,2,2,2,1,1,1,1,1,1,1,1,1,1,1,1,1,2,1,1,1,1,1,1,1,1,1,1,1,1,1,1,1,1,2,NA,NA,NA,NA,NA,NA,NA,NA,NA,NA,NA,NA,NA,NA,NA,NA,NA,NA,NA,NA,NA,NA,NA,NA,NA,NA,NA,NA,NA,NA,NA,NA,NA,NA,NA,NA,NA,NA,NA,NA,NA,NA,NA,NA,NA,NA,NA,NA,NA,NA,NA,NA,NA,NA,NA,NA,NA,NA,NA,NA,NA,NA,NA,NA,NA,NA,NA,NA,NA,NA,NA,NA,NA,NA,NA,NA,NA,NA,NA,NA,NA,NA,NA,NA,NA,NA,NA,NA,NA,NA,NA,NA,NA,NA,NA,NA,NA,NA,NA,NA,NA,NA,NA,NA,NA,NA,NA,NA,NA,All good,NA,1649093844,NA,1,NA,NA,6,7,4,1,2,3,5,8,NA,NA,NA,NA,NA,NA,NA,NA,NA,8b11965118
2022-04-04T18:45:09Z,2022-04-04T18:51:38Z,IP Address,*******,100,388,TRUE,2022-04-04T18:51:38Z,R_2z7QlzpUSlBPm5h,*******,*******,*******,*******,*******,*******,anonymous,EN,"Yes, I agree to participate in this study.",1,1,1,1,2,2,2,2,2,NA,NA,NA,NA,NA,NA,NA,NA,NA,NA,NA,NA,NA,NA,NA,NA,NA,NA,NA,NA,NA,NA,NA,NA,NA,NA,NA,NA,NA,NA,NA,NA,NA,NA,NA,NA,NA,NA,NA,NA,NA,NA,NA,NA,NA,NA,NA,NA,NA,NA,NA,NA,NA,NA,NA,NA,NA,NA,NA,NA,NA,NA,NA,NA,NA,NA,NA,NA,NA,NA,NA,NA,NA,NA,NA,NA,NA,NA,NA,NA,NA,NA,NA,NA,NA,NA,NA,NA,NA,NA,NA,NA,NA,NA,NA,NA,NA,NA,NA,NA,NA,1,1,1,1,1,1,2,2,2,2,2,2,2,1,1,1,1,1,2,2,2,2,1,1,2,2,2,1,1,1,1,1,1,1,1,1,1,1,2,2,2,2,2,2,1,1,2,2,2,1,1,1,1,2,2,2,2,2,1,1,1,1,1,1,1,1,2,2,2,2,2,2,2,2,2,NA,NA,NA,NA,NA,NA,NA,NA,NA,NA,NA,NA,NA,NA,NA,NA,NA,NA,Nothing noteworthy,1649093844,NA,NA,1,NA,NA,NA,NA,NA,NA,NA,NA,NA,7,6,NA,5,8,4,1,3,2,cea63df495
2022-04-04T18:47:46Z,2022-04-04T18:52:02Z,IP Address,*******,100,255,TRUE,2022-04-04T18:52:02Z,R_NXTmtk46TVGakKd,*******,*******,*******,*******,*******,*******,anonymous,EN,"Yes, I agree to participate in this study.",1,1,1,1,2,2,2,2,2,NA,NA,NA,NA,NA,NA,NA,NA,NA,NA,NA,NA,NA,NA,NA,NA,NA,NA,NA,NA,NA,NA,NA,NA,NA,NA,NA,NA,NA,NA,NA,NA,NA,NA,NA,NA,NA,NA,NA,NA,NA,NA,NA,NA,NA,NA,NA,NA,NA,NA,NA,NA,NA,NA,NA,NA,NA,NA,NA,NA,NA,NA,NA,NA,NA,NA,NA,NA,NA,NA,NA,NA,NA,NA,NA,NA,NA,NA,NA,NA,NA,NA,NA,NA,NA,NA,NA,NA,NA,NA,NA,NA,NA,NA,NA,NA,NA,NA,NA,NA,NA,1,1,1,1,2,2,2,2,2,2,2,2,2,1,1,1,2,2,2,2,2,2,1,1,2,2,2,1,1,1,1,1,2,2,2,2,2,2,2,2,2,2,2,2,1,1,2,2,2,1,1,1,1,2,2,2,2,2,1,1,1,1,1,1,1,1,1,1,1,1,2,2,2,2,2,NA,NA,NA,NA,NA,NA,NA,NA,NA,NA,NA,NA,NA,NA,NA,NA,NA,NA,NA,1649093844,NA,NA,1,NA,NA,NA,NA,NA,NA,NA,NA,NA,7,6,NA,5,8,4,1,3,2,be3f4fa152
2022-04-04T18:49:07Z,2022-04-04T18:53:55Z,IP Address,*******,100,287,TRUE,2022-04-04T18:53:55Z,R_2SJ3zbAN5tjh0cs,*******,*******,*******,*******,*******,*******,anonymous,EN,"Yes, I agree to participate in this study.",1,1,1,1,2,2,2,2,2,NA,NA,NA,NA,NA,NA,NA,NA,NA,1,1,1,1,1,1,1,1,2,2,2,2,2,1,1,1,1,1,2,2,2,2,1,1,1,2,2,1,1,1,1,1,1,1,1,1,2,2,2,2,2,2,2,2,1,1,1,2,2,1,1,1,1,1,1,2,2,2,1,1,1,1,1,1,1,2,2,2,2,2,2,2,2,2,2,NA,NA,NA,NA,NA,NA,NA,NA,NA,NA,NA,NA,NA,NA,NA,NA,NA,NA,NA,NA,NA,NA,NA,NA,NA,NA,NA,NA,NA,NA,NA,NA,NA,NA,NA,NA,NA,NA,NA,NA,NA,NA,NA,NA,NA,NA,NA,NA,NA,NA,NA,NA,NA,NA,NA,NA,NA,NA,NA,NA,NA,NA,NA,NA,NA,NA,NA,NA,NA,NA,NA,NA,NA,NA,NA,NA,NA,NA,NA,NA,NA,NA,NA,NA,NA,NA,NA,NA,NA,NA,NA,NA,NA,NA,NA,NA,NA,NA,NA,NA,NA,NA,NA,NA,NA,NA,NA,NA,NA,NA,NA,1649089863,NA,1,NA,NA,6,7,4,1,2,3,5,8,NA,NA,NA,NA,NA,NA,NA,NA,NA,ad51825c0b
2022-04-04T18:52:52Z,2022-04-04T18:55:49Z,IP Address,*******,100,177,TRUE,2022-04-04T18:55:50Z,R_2aS07I20K7qQ97k,*******,*******,*******,*******,*******,*******,anonymous,EN,"Yes, I agree to participate in this study.",1,1,1,1,2,2,2,2,2,NA,NA,NA,NA,NA,NA,NA,NA,NA,1,2,2,2,2,2,2,2,2,2,2,2,2,2,2,2,2,2,2,2,2,2,1,2,2,2,2,1,1,1,1,1,2,2,2,2,2,2,2,2,2,2,2,2,2,2,2,2,2,1,2,2,2,2,2,2,2,2,NA,NA,NA,NA,NA,NA,NA,NA,NA,NA,NA,NA,NA,NA,NA,NA,NA,1,1,1,2,2,2,2,2,2,2,2,2,2,2,2,2,2,NA,NA,NA,NA,NA,NA,NA,NA,NA,NA,NA,NA,NA,NA,NA,NA,NA,NA,NA,NA,NA,NA,NA,NA,NA,NA,NA,NA,NA,NA,NA,NA,NA,NA,NA,NA,NA,NA,NA,NA,NA,NA,NA,NA,NA,NA,NA,NA,NA,NA,NA,NA,NA,NA,NA,NA,NA,NA,NA,NA,NA,NA,NA,NA,NA,NA,NA,NA,NA,NA,NA,NA,NA,NA,NA,NA,NA,NA,NA,NA,NA,NA,NA,NA,NA,NA,NA,NA,NA,NA,NA,NA,NA,I didnâ€™t understand that at all ðŸ¤£,1649098132,NA,1,NA,8,6,7,4,1,2,3,5,NA,NA,NA,NA,NA,NA,NA,NA,NA,NA,7008f968cc
2022-04-04T18:49:21Z,2022-04-04T18:56:24Z,IP Address,*******,100,423,TRUE,2022-04-04T18:56:24Z,R_2AKn0jIgUeS8NEx,*******,*******,*******,*******,*******,*******,anonymous,EN,"Yes, I agree to participate in this study.",1,1,1,1,1,1,1,1,2,1,1,1,1,1,2,2,2,2,NA,NA,NA,NA,NA,NA,NA,NA,NA,NA,NA,NA,NA,NA,NA,NA,NA,NA,NA,NA,NA,NA,NA,NA,NA,NA,NA,NA,NA,NA,NA,NA,NA,NA,NA,NA,NA,NA,NA,NA,NA,NA,NA,NA,NA,NA,NA,NA,NA,NA,NA,NA,NA,NA,NA,NA,NA,NA,NA,NA,NA,NA,NA,NA,NA,NA,NA,NA,NA,NA,NA,NA,NA,NA,NA,NA,NA,NA,NA,NA,NA,NA,NA,NA,NA,NA,NA,NA,NA,NA,NA,NA,1,1,2,2,2,2,2,2,2,2,2,2,2,1,1,1,1,1,1,1,1,2,1,1,1,2,2,1,2,2,2,2,2,2,2,2,2,2,2,2,2,2,2,2,1,1,1,2,2,1,1,1,1,2,2,2,2,2,NA,NA,NA,NA,NA,NA,NA,NA,NA,NA,NA,NA,NA,NA,NA,NA,NA,1,1,1,1,1,1,1,1,1,2,2,2,2,2,2,2,2,NA,NA,1649098132,NA,NA,1,NA,NA,NA,NA,NA,NA,NA,NA,NA,7,6,8,5,NA,4,1,3,2,1c8afa2d41
2022-04-04T18:52:56Z,2022-04-04T18:56:24Z,IP Address,*******,100,208,TRUE,2022-04-04T18:56:25Z,R_3P66DK8ORwcnsea,*******,*******,*******,*******,*******,*******,anonymous,EN,"Yes, I agree to participate in this study.",1,1,1,1,2,2,2,2,2,NA,NA,NA,NA,NA,NA,NA,NA,NA,NA,NA,NA,NA,NA,NA,NA,NA,NA,NA,NA,NA,NA,NA,NA,NA,NA,NA,NA,NA,NA,NA,NA,NA,NA,NA,NA,NA,NA,NA,NA,NA,NA,NA,NA,NA,NA,NA,NA,NA,NA,NA,NA,NA,NA,NA,NA,NA,NA,NA,NA,NA,NA,NA,NA,NA,NA,NA,NA,NA,NA,NA,NA,NA,NA,NA,NA,NA,NA,NA,NA,NA,NA,NA,NA,NA,NA,NA,NA,NA,NA,NA,NA,NA,NA,NA,NA,NA,NA,NA,NA,NA,2,2,2,2,2,2,2,2,2,2,2,2,2,1,1,1,1,2,2,2,2,2,1,1,1,1,1,1,1,1,1,1,1,1,2,2,2,2,2,2,2,2,2,2,1,1,2,2,2,1,1,2,2,2,2,2,2,2,1,1,1,1,1,2,2,2,2,2,2,2,2,2,2,2,2,NA,NA,NA,NA,NA,NA,NA,NA,NA,NA,NA,NA,NA,NA,NA,NA,NA,NA,Bigger range than the others,1649093844,NA,NA,1,NA,NA,NA,NA,NA,NA,NA,NA,NA,7,6,NA,5,8,4,1,3,2,27f24a2be7
2022-04-04T18:52:18Z,2022-04-04T18:56:29Z,IP Address,*******,100,251,TRUE,2022-04-04T18:56:29Z,R_2fiAAiLH3VrWTYC,*******,*******,*******,*******,*******,*******,anonymous,EN,"Yes, I agree to participate in this study.",1,1,1,1,2,2,2,2,2,NA,NA,NA,NA,NA,NA,NA,NA,NA,NA,NA,NA,NA,NA,NA,NA,NA,NA,NA,NA,NA,NA,NA,NA,NA,NA,NA,NA,NA,NA,NA,NA,NA,NA,NA,NA,NA,NA,NA,NA,NA,NA,NA,NA,NA,NA,NA,NA,NA,NA,NA,NA,NA,NA,NA,NA,NA,NA,NA,NA,NA,NA,NA,NA,NA,NA,NA,NA,NA,NA,NA,NA,NA,NA,NA,NA,NA,NA,NA,NA,NA,NA,NA,NA,NA,NA,NA,NA,NA,NA,NA,NA,NA,NA,NA,NA,NA,NA,NA,NA,NA,2,2,2,2,2,2,2,2,2,2,2,2,2,2,2,2,2,2,2,2,2,2,2,2,2,2,2,2,2,2,2,2,2,2,2,2,2,2,2,2,2,2,2,2,2,2,2,2,2,2,2,2,2,2,2,2,2,2,2,2,2,2,2,2,2,2,2,2,2,2,2,2,2,2,2,NA,NA,NA,NA,NA,NA,NA,NA,NA,NA,NA,NA,NA,NA,NA,NA,NA,NA,NA,1649093844,NA,NA,1,NA,NA,NA,NA,NA,NA,NA,NA,NA,7,6,NA,5,8,4,1,3,2,0cf2cdca9a
2022-04-04T18:50:28Z,2022-04-04T18:56:46Z,IP Address,*******,100,378,TRUE,2022-04-04T18:56:46Z,R_1DoF6J0wxmj5lQC,*******,*******,*******,*******,*******,*******,anonymous,EN,"Yes, I agree to participate in this study.",1,1,1,1,1,1,1,1,1,2,2,2,2,2,2,2,2,2,NA,NA,NA,NA,NA,NA,NA,NA,NA,NA,NA,NA,NA,NA,NA,NA,NA,NA,NA,NA,NA,NA,NA,NA,NA,NA,NA,NA,NA,NA,NA,NA,NA,NA,NA,NA,NA,NA,NA,NA,NA,NA,NA,NA,NA,NA,NA,NA,NA,NA,NA,NA,NA,NA,NA,NA,NA,NA,NA,NA,NA,NA,NA,NA,NA,NA,NA,NA,NA,NA,NA,NA,NA,NA,NA,NA,NA,NA,NA,NA,NA,NA,NA,NA,NA,NA,NA,NA,NA,NA,NA,NA,1,2,2,2,2,2,2,2,2,2,2,2,2,2,2,2,2,2,2,2,2,2,2,2,2,2,2,2,2,2,2,2,2,2,2,2,2,2,2,2,2,2,2,2,2,2,2,2,2,2,2,2,2,2,2,2,2,2,NA,NA,NA,NA,NA,NA,NA,NA,NA,NA,NA,NA,NA,NA,NA,NA,NA,2,2,2,2,2,2,2,2,2,2,2,2,2,2,2,2,2,NA,NA,1649093844,NA,NA,1,NA,NA,NA,NA,NA,NA,NA,NA,NA,7,6,8,5,NA,4,1,3,2,540bca53c7
2022-04-04T18:53:37Z,2022-04-04T18:57:24Z,IP Address,*******,100,227,TRUE,2022-04-04T18:57:25Z,R_exPiQDE7Y7nuUed,*******,*******,*******,*******,*******,*******,anonymous,EN,"Yes, I agree to participate in this study.",1,1,1,1,2,2,2,2,2,NA,NA,NA,NA,NA,NA,NA,NA,NA,1,1,1,1,2,2,2,2,2,2,2,2,2,1,1,1,2,2,2,2,2,2,1,1,2,2,2,1,1,1,1,1,1,1,1,2,2,2,2,2,2,2,2,2,1,1,2,2,2,1,1,1,2,2,2,2,2,2,NA,NA,NA,NA,NA,NA,NA,NA,NA,NA,NA,NA,NA,NA,NA,NA,NA,1,1,1,2,2,2,2,2,2,2,2,2,2,2,2,2,2,NA,NA,NA,NA,NA,NA,NA,NA,NA,NA,NA,NA,NA,NA,NA,NA,NA,NA,NA,NA,NA,NA,NA,NA,NA,NA,NA,NA,NA,NA,NA,NA,NA,NA,NA,NA,NA,NA,NA,NA,NA,NA,NA,NA,NA,NA,NA,NA,NA,NA,NA,NA,NA,NA,NA,NA,NA,NA,NA,NA,NA,NA,NA,NA,NA,NA,NA,NA,NA,NA,NA,NA,NA,NA,NA,NA,NA,NA,NA,NA,NA,NA,NA,NA,NA,NA,NA,NA,NA,NA,NA,NA,No,Last question was more complex.,1649083613,NA,1,NA,8,6,7,4,1,2,3,5,NA,NA,NA,NA,NA,NA,NA,NA,NA,NA,e4232e4ac9
2022-04-04T18:54:15Z,2022-04-04T18:58:02Z,IP Address,*******,100,226,TRUE,2022-04-04T18:58:02Z,R_NVkH7VXdw4NV9oR,*******,*******,*******,*******,*******,*******,anonymous,EN,"Yes, I agree to participate in this study.",1,1,1,1,2,2,2,2,2,NA,NA,NA,NA,NA,NA,NA,NA,NA,1,1,1,1,2,2,2,2,2,2,2,2,2,1,1,1,1,2,2,2,2,2,1,1,1,1,2,1,1,1,1,2,2,2,2,2,2,2,2,2,2,2,2,2,1,1,1,1,2,1,1,1,1,2,2,2,2,2,1,1,1,1,2,2,2,2,2,2,2,2,2,2,2,2,2,NA,NA,NA,NA,NA,NA,NA,NA,NA,NA,NA,NA,NA,NA,NA,NA,NA,NA,NA,NA,NA,NA,NA,NA,NA,NA,NA,NA,NA,NA,NA,NA,NA,NA,NA,NA,NA,NA,NA,NA,NA,NA,NA,NA,NA,NA,NA,NA,NA,NA,NA,NA,NA,NA,NA,NA,NA,NA,NA,NA,NA,NA,NA,NA,NA,NA,NA,NA,NA,NA,NA,NA,NA,NA,NA,NA,NA,NA,NA,NA,NA,NA,NA,NA,NA,NA,NA,NA,NA,NA,NA,NA,NA,NA,NA,NA,NA,NA,NA,NA,NA,NA,NA,NA,NA,NA,NA,NA,NA,NA,NA,1649098132,NA,1,NA,NA,6,7,4,1,2,3,5,8,NA,NA,NA,NA,NA,NA,NA,NA,NA,20d4c233d5
2022-04-04T18:53:26Z,2022-04-04T18:58:46Z,IP Address,*******,100,320,TRUE,2022-04-04T18:58:47Z,R_2aX3AXtIZPZU7Bc,*******,*******,*******,*******,*******,*******,anonymous,EN,"Yes, I agree to participate in this study.",1,1,1,1,2,2,2,2,2,NA,NA,NA,NA,NA,NA,NA,NA,NA,1,1,1,1,1,1,2,2,2,2,2,2,2,1,1,1,1,2,2,2,2,2,1,1,2,2,2,1,1,1,1,1,1,1,1,2,2,2,2,2,2,2,2,2,1,1,2,2,2,1,1,1,1,2,2,2,2,2,1,1,1,1,1,1,1,1,2,2,2,2,2,2,2,2,2,NA,NA,NA,NA,NA,NA,NA,NA,NA,NA,NA,NA,NA,NA,NA,NA,NA,NA,NA,NA,NA,NA,NA,NA,NA,NA,NA,NA,NA,NA,NA,NA,NA,NA,NA,NA,NA,NA,NA,NA,NA,NA,NA,NA,NA,NA,NA,NA,NA,NA,NA,NA,NA,NA,NA,NA,NA,NA,NA,NA,NA,NA,NA,NA,NA,NA,NA,NA,NA,NA,NA,NA,NA,NA,NA,NA,NA,NA,NA,NA,NA,NA,NA,NA,NA,NA,NA,NA,NA,NA,NA,NA,NA,NA,NA,NA,NA,NA,NA,NA,NA,NA,NA,NA,NA,NA,NA,NA,NA,"No, thanks",NA,1649098132,NA,1,NA,NA,6,7,4,1,2,3,5,8,NA,NA,NA,NA,NA,NA,NA,NA,NA,76f053833c
2022-04-04T18:54:23Z,2022-04-04T18:58:59Z,IP Address,*******,100,275,TRUE,2022-04-04T18:58:59Z,R_10wS73oejK08VJV,*******,*******,*******,*******,*******,*******,anonymous,EN,"Yes, I agree to participate in this study.",1,1,1,1,2,2,2,2,2,NA,NA,NA,NA,NA,NA,NA,NA,NA,1,1,1,1,1,2,2,2,2,2,2,2,2,1,1,1,1,1,2,2,2,2,2,2,2,2,2,1,1,1,1,1,1,1,1,1,2,2,2,2,2,2,2,2,2,2,2,2,2,1,1,1,1,2,2,2,2,2,NA,NA,NA,NA,NA,NA,NA,NA,NA,NA,NA,NA,NA,NA,NA,NA,NA,1,1,1,1,1,1,1,1,2,2,2,2,2,2,2,2,2,NA,NA,NA,NA,NA,NA,NA,NA,NA,NA,NA,NA,NA,NA,NA,NA,NA,NA,NA,NA,NA,NA,NA,NA,NA,NA,NA,NA,NA,NA,NA,NA,NA,NA,NA,NA,NA,NA,NA,NA,NA,NA,NA,NA,NA,NA,NA,NA,NA,NA,NA,NA,NA,NA,NA,NA,NA,NA,NA,NA,NA,NA,NA,NA,NA,NA,NA,NA,NA,NA,NA,NA,NA,NA,NA,NA,NA,NA,NA,NA,NA,NA,NA,NA,NA,NA,NA,NA,NA,NA,NA,NA,NA,Gives more variables so made it harder to choose.,1649098132,NA,1,NA,8,6,7,4,1,2,3,5,NA,NA,NA,NA,NA,NA,NA,NA,NA,NA,8fb8f62949
2022-04-04T18:55:42Z,2022-04-04T18:59:19Z,IP Address,*******,100,216,TRUE,2022-04-04T18:59:19Z,R_27yegvk8zsVKYqn,*******,*******,*******,*******,*******,*******,anonymous,EN,"Yes, I agree to participate in this study.",1,1,1,1,2,2,2,2,2,NA,NA,NA,NA,NA,NA,NA,NA,NA,NA,NA,NA,NA,NA,NA,NA,NA,NA,NA,NA,NA,NA,NA,NA,NA,NA,NA,NA,NA,NA,NA,NA,NA,NA,NA,NA,NA,NA,NA,NA,NA,NA,NA,NA,NA,NA,NA,NA,NA,NA,NA,NA,NA,NA,NA,NA,NA,NA,NA,NA,NA,NA,NA,NA,NA,NA,NA,NA,NA,NA,NA,NA,NA,NA,NA,NA,NA,NA,NA,NA,NA,NA,NA,NA,NA,NA,NA,NA,NA,NA,NA,NA,NA,NA,NA,NA,NA,NA,NA,NA,NA,1,1,1,2,2,2,2,2,2,2,2,2,2,1,1,1,1,2,2,2,2,2,1,1,2,2,2,1,1,1,2,2,2,2,2,2,2,2,2,2,2,2,2,2,1,1,2,2,2,1,1,2,2,2,2,2,2,2,NA,NA,NA,NA,NA,NA,NA,NA,NA,NA,NA,NA,NA,NA,NA,NA,NA,1,1,1,1,1,2,2,2,2,2,2,2,2,2,2,2,2,NA,NA,1649093844,NA,NA,1,NA,NA,NA,NA,NA,NA,NA,NA,NA,7,6,8,5,NA,4,1,3,2,dabee472a9
2022-04-04T18:55:58Z,2022-04-04T18:59:29Z,IP Address,*******,100,211,TRUE,2022-04-04T18:59:30Z,R_2w5q1UAfVqNGXmP,*******,*******,*******,*******,*******,*******,anonymous,EN,"Yes, I agree to participate in this study.",1,1,1,1,2,2,2,2,2,NA,NA,NA,NA,NA,NA,NA,NA,NA,1,1,1,1,1,1,1,2,2,2,2,2,2,1,1,1,1,1,2,2,2,2,1,1,1,2,2,1,1,1,1,1,1,1,1,1,2,2,2,2,2,2,2,2,1,1,2,2,2,1,1,1,1,2,2,2,2,2,1,1,1,1,1,1,1,1,2,2,2,2,2,2,2,2,2,NA,NA,NA,NA,NA,NA,NA,NA,NA,NA,NA,NA,NA,NA,NA,NA,NA,NA,NA,NA,NA,NA,NA,NA,NA,NA,NA,NA,NA,NA,NA,NA,NA,NA,NA,NA,NA,NA,NA,NA,NA,NA,NA,NA,NA,NA,NA,NA,NA,NA,NA,NA,NA,NA,NA,NA,NA,NA,NA,NA,NA,NA,NA,NA,NA,NA,NA,NA,NA,NA,NA,NA,NA,NA,NA,NA,NA,NA,NA,NA,NA,NA,NA,NA,NA,NA,NA,NA,NA,NA,NA,NA,NA,NA,NA,NA,NA,NA,NA,NA,NA,NA,NA,NA,NA,NA,NA,NA,NA,NA,NA,1649093844,NA,1,NA,NA,6,7,4,1,2,3,5,8,NA,NA,NA,NA,NA,NA,NA,NA,NA,48ac58d308
2022-04-04T18:45:00Z,2022-04-04T19:00:03Z,IP Address,*******,100,903,TRUE,2022-04-04T19:00:04Z,R_2EbAK5VSky6GUCW,*******,*******,*******,*******,*******,*******,anonymous,EN,"Yes, I agree to participate in this study.",1,1,1,1,2,2,2,2,2,NA,NA,NA,NA,NA,NA,NA,NA,NA,NA,NA,NA,NA,NA,NA,NA,NA,NA,NA,NA,NA,NA,NA,NA,NA,NA,NA,NA,NA,NA,NA,NA,NA,NA,NA,NA,NA,NA,NA,NA,NA,NA,NA,NA,NA,NA,NA,NA,NA,NA,NA,NA,NA,NA,NA,NA,NA,NA,NA,NA,NA,NA,NA,NA,NA,NA,NA,NA,NA,NA,NA,NA,NA,NA,NA,NA,NA,NA,NA,NA,NA,NA,NA,NA,NA,NA,NA,NA,NA,NA,NA,NA,NA,NA,NA,NA,NA,NA,NA,NA,NA,1,1,1,1,1,1,1,2,2,2,2,2,2,1,1,1,1,2,2,2,2,2,1,1,2,2,2,1,1,1,1,1,1,1,1,2,2,2,2,2,2,2,2,2,1,1,2,2,2,1,1,1,1,2,2,2,2,2,NA,NA,NA,NA,NA,NA,NA,NA,NA,NA,NA,NA,NA,NA,NA,NA,NA,1,1,1,1,1,1,1,1,2,2,2,2,2,2,2,2,2,No,NA,1649093844,NA,NA,1,NA,NA,NA,NA,NA,NA,NA,NA,NA,7,6,8,5,NA,4,1,3,2,9ee26bf3f6
2022-04-04T18:56:55Z,2022-04-04T19:00:34Z,IP Address,*******,100,219,TRUE,2022-04-04T19:00:34Z,R_3siQyIfwjkdwtiB,*******,*******,*******,*******,*******,*******,anonymous,EN,"Yes, I agree to participate in this study.",1,1,1,2,2,2,2,2,2,1,1,1,1,2,2,2,2,2,NA,NA,NA,NA,NA,NA,NA,NA,NA,NA,NA,NA,NA,NA,NA,NA,NA,NA,NA,NA,NA,NA,NA,NA,NA,NA,NA,NA,NA,NA,NA,NA,NA,NA,NA,NA,NA,NA,NA,NA,NA,NA,NA,NA,NA,NA,NA,NA,NA,NA,NA,NA,NA,NA,NA,NA,NA,NA,NA,NA,NA,NA,NA,NA,NA,NA,NA,NA,NA,NA,NA,NA,NA,NA,NA,NA,NA,NA,NA,NA,NA,NA,NA,NA,NA,NA,NA,NA,NA,NA,NA,NA,1,1,2,2,2,2,2,2,2,2,2,2,2,1,1,1,2,2,2,2,2,2,1,1,2,2,2,1,1,1,1,2,2,2,2,2,2,2,2,2,2,2,2,2,1,1,1,2,2,1,1,1,2,2,2,2,2,2,NA,NA,NA,NA,NA,NA,NA,NA,NA,NA,NA,NA,NA,NA,NA,NA,NA,1,1,1,1,1,1,1,1,1,2,2,2,2,2,2,2,2,NA,NA,1649098132,NA,NA,1,NA,NA,NA,NA,NA,NA,NA,NA,NA,7,6,8,5,NA,4,1,3,2,1f5c2b098c
2022-04-04T19:00:26Z,2022-04-04T19:02:28Z,IP Address,*******,100,121,TRUE,2022-04-04T19:02:28Z,R_1pKjgwRSxfuTejD,*******,*******,*******,*******,*******,*******,anonymous,EN,"Yes, I agree to participate in this study.",1,1,1,1,2,2,2,2,2,NA,NA,NA,NA,NA,NA,NA,NA,NA,1,1,1,1,2,2,2,2,2,2,2,2,2,1,1,1,2,2,2,2,2,2,1,1,1,1,2,1,1,1,1,1,2,2,2,2,2,2,2,2,2,2,2,2,1,1,1,1,2,1,1,1,1,2,2,2,2,2,1,1,1,1,1,1,1,2,2,2,2,2,2,2,2,2,2,NA,NA,NA,NA,NA,NA,NA,NA,NA,NA,NA,NA,NA,NA,NA,NA,NA,NA,NA,NA,NA,NA,NA,NA,NA,NA,NA,NA,NA,NA,NA,NA,NA,NA,NA,NA,NA,NA,NA,NA,NA,NA,NA,NA,NA,NA,NA,NA,NA,NA,NA,NA,NA,NA,NA,NA,NA,NA,NA,NA,NA,NA,NA,NA,NA,NA,NA,NA,NA,NA,NA,NA,NA,NA,NA,NA,NA,NA,NA,NA,NA,NA,NA,NA,NA,NA,NA,NA,NA,NA,NA,NA,NA,NA,NA,NA,NA,NA,NA,NA,NA,NA,NA,NA,NA,NA,NA,NA,NA,NA,NA,1649098132,NA,1,NA,NA,6,7,4,1,2,3,5,8,NA,NA,NA,NA,NA,NA,NA,NA,NA,e947ea8483
2022-04-04T18:58:08Z,2022-04-04T19:02:51Z,IP Address,*******,100,282,TRUE,2022-04-04T19:02:51Z,R_qJG50o5a3b8Jdbr,*******,*******,*******,*******,*******,*******,anonymous,EN,"Yes, I agree to participate in this study.",1,1,1,1,2,2,2,2,2,NA,NA,NA,NA,NA,NA,NA,NA,NA,NA,NA,NA,NA,NA,NA,NA,NA,NA,NA,NA,NA,NA,NA,NA,NA,NA,NA,NA,NA,NA,NA,NA,NA,NA,NA,NA,NA,NA,NA,NA,NA,NA,NA,NA,NA,NA,NA,NA,NA,NA,NA,NA,NA,NA,NA,NA,NA,NA,NA,NA,NA,NA,NA,NA,NA,NA,NA,NA,NA,NA,NA,NA,NA,NA,NA,NA,NA,NA,NA,NA,NA,NA,NA,NA,NA,NA,NA,NA,NA,NA,NA,NA,NA,NA,NA,NA,NA,NA,NA,NA,NA,1,1,1,1,1,1,1,2,2,2,2,2,2,1,1,1,1,1,1,1,2,2,1,1,1,2,2,1,1,1,1,1,1,1,1,1,1,1,1,1,1,2,2,2,1,1,1,1,2,1,1,2,2,2,2,2,2,2,NA,NA,NA,NA,NA,NA,NA,NA,NA,NA,NA,NA,NA,NA,NA,NA,NA,1,1,1,1,1,1,2,2,2,2,2,2,2,2,2,2,2,NA,NA,1649093844,NA,NA,1,NA,NA,NA,NA,NA,NA,NA,NA,NA,7,6,8,5,NA,4,1,3,2,e75fae863a
2022-04-04T18:56:16Z,2022-04-04T19:03:31Z,IP Address,*******,100,434,TRUE,2022-04-04T19:03:31Z,R_2ElTs1npGgmw6Ye,*******,*******,*******,*******,*******,*******,anonymous,EN,"Yes, I agree to participate in this study.",1,1,1,1,1,1,1,1,2,1,1,1,1,2,2,2,2,2,1,1,1,1,1,1,1,1,2,2,2,2,2,1,1,1,1,1,2,2,2,2,1,1,1,1,2,1,1,1,1,1,1,1,1,2,2,2,2,2,2,2,2,2,1,1,2,2,2,1,1,1,1,2,2,2,2,2,NA,NA,NA,NA,NA,NA,NA,NA,NA,NA,NA,NA,NA,NA,NA,NA,NA,1,1,1,1,1,1,1,1,2,2,2,2,2,2,2,2,2,NA,NA,NA,NA,NA,NA,NA,NA,NA,NA,NA,NA,NA,NA,NA,NA,NA,NA,NA,NA,NA,NA,NA,NA,NA,NA,NA,NA,NA,NA,NA,NA,NA,NA,NA,NA,NA,NA,NA,NA,NA,NA,NA,NA,NA,NA,NA,NA,NA,NA,NA,NA,NA,NA,NA,NA,NA,NA,NA,NA,NA,NA,NA,NA,NA,NA,NA,NA,NA,NA,NA,NA,NA,NA,NA,NA,NA,NA,NA,NA,NA,NA,NA,NA,NA,NA,NA,NA,NA,NA,NA,NA,NA,Took me longer to make my decision,1649098132,NA,1,NA,8,6,7,4,1,2,3,5,NA,NA,NA,NA,NA,NA,NA,NA,NA,NA,d95f6b0251
2022-04-04T18:59:47Z,2022-04-04T19:04:10Z,IP Address,*******,100,262,TRUE,2022-04-04T19:04:10Z,R_3DcPCQCs7Y9c4VP,*******,*******,*******,*******,*******,*******,anonymous,EN,"Yes, I agree to participate in this study.",1,1,1,1,2,2,2,2,2,NA,NA,NA,NA,NA,NA,NA,NA,NA,NA,NA,NA,NA,NA,NA,NA,NA,NA,NA,NA,NA,NA,NA,NA,NA,NA,NA,NA,NA,NA,NA,NA,NA,NA,NA,NA,NA,NA,NA,NA,NA,NA,NA,NA,NA,NA,NA,NA,NA,NA,NA,NA,NA,NA,NA,NA,NA,NA,NA,NA,NA,NA,NA,NA,NA,NA,NA,NA,NA,NA,NA,NA,NA,NA,NA,NA,NA,NA,NA,NA,NA,NA,NA,NA,NA,NA,NA,NA,NA,NA,NA,NA,NA,NA,NA,NA,NA,NA,NA,NA,NA,1,1,1,1,2,2,2,2,2,2,2,2,2,1,1,1,1,1,2,2,2,2,1,1,1,2,2,1,1,1,1,1,1,1,1,2,2,2,2,2,2,2,2,2,1,1,1,2,2,1,1,1,1,1,1,1,1,2,NA,NA,NA,NA,NA,NA,NA,NA,NA,NA,NA,NA,NA,NA,NA,NA,NA,1,1,1,1,1,1,1,1,1,2,2,2,2,2,2,2,2,Simple enough to understand,NA,1649098132,NA,NA,1,NA,NA,NA,NA,NA,NA,NA,NA,NA,7,6,8,5,NA,4,1,3,2,26e224f74f
2022-04-04T19:01:13Z,2022-04-04T19:04:19Z,IP Address,*******,100,186,TRUE,2022-04-04T19:04:20Z,R_oXJfRatNdiQxOox,*******,*******,*******,*******,*******,*******,anonymous,EN,"Yes, I agree to participate in this study.",1,1,1,1,2,2,2,2,2,NA,NA,NA,NA,NA,NA,NA,NA,NA,NA,NA,NA,NA,NA,NA,NA,NA,NA,NA,NA,NA,NA,NA,NA,NA,NA,NA,NA,NA,NA,NA,NA,NA,NA,NA,NA,NA,NA,NA,NA,NA,NA,NA,NA,NA,NA,NA,NA,NA,NA,NA,NA,NA,NA,NA,NA,NA,NA,NA,NA,NA,NA,NA,NA,NA,NA,NA,NA,NA,NA,NA,NA,NA,NA,NA,NA,NA,NA,NA,NA,NA,NA,NA,NA,NA,NA,NA,NA,NA,NA,NA,NA,NA,NA,NA,NA,NA,NA,NA,NA,NA,1,1,1,1,1,2,2,2,2,2,2,2,2,1,1,1,1,2,2,2,2,2,1,1,1,2,2,1,1,1,1,1,1,1,1,1,2,2,2,2,2,2,2,2,1,1,1,2,2,1,1,1,1,1,2,2,2,2,1,1,1,1,1,1,1,1,1,1,2,2,2,2,2,2,2,NA,NA,NA,NA,NA,NA,NA,NA,NA,NA,NA,NA,NA,NA,NA,NA,NA,NA,NA,1649083613,NA,NA,1,NA,NA,NA,NA,NA,NA,NA,NA,NA,7,6,NA,5,8,4,1,3,2,846e49a7ee
2022-04-04T19:02:43Z,2022-04-04T19:04:38Z,IP Address,*******,100,115,TRUE,2022-04-04T19:04:39Z,R_9ErlewCqxbJuVwd,*******,*******,*******,*******,*******,*******,anonymous,EN,"Yes, I agree to participate in this study.",1,1,1,1,1,2,2,2,2,1,1,1,1,1,2,2,2,2,NA,NA,NA,NA,NA,NA,NA,NA,NA,NA,NA,NA,NA,NA,NA,NA,NA,NA,NA,NA,NA,NA,NA,NA,NA,NA,NA,NA,NA,NA,NA,NA,NA,NA,NA,NA,NA,NA,NA,NA,NA,NA,NA,NA,NA,NA,NA,NA,NA,NA,NA,NA,NA,NA,NA,NA,NA,NA,NA,NA,NA,NA,NA,NA,NA,NA,NA,NA,NA,NA,NA,NA,NA,NA,NA,NA,NA,NA,NA,NA,NA,NA,NA,NA,NA,NA,NA,NA,NA,NA,NA,NA,1,1,1,1,1,1,1,1,1,2,2,2,2,1,1,1,2,2,2,2,2,2,1,1,1,1,2,1,1,1,2,2,2,2,2,2,2,2,2,2,2,2,2,2,1,1,1,1,2,1,1,1,2,2,2,2,2,2,1,1,1,2,2,2,2,2,2,2,2,2,2,2,2,2,2,NA,NA,NA,NA,NA,NA,NA,NA,NA,NA,NA,NA,NA,NA,NA,NA,NA,NA,NA,1649093844,NA,NA,1,NA,NA,NA,NA,NA,NA,NA,NA,NA,7,6,NA,5,8,4,1,3,2,4a76662ebd
2022-04-04T19:00:51Z,2022-04-04T19:05:10Z,IP Address,*******,100,258,TRUE,2022-04-04T19:05:10Z,R_2pPtUpbbfxnae3m,*******,*******,*******,*******,*******,*******,anonymous,EN,"Yes, I agree to participate in this study.",2,2,2,2,2,2,2,2,2,1,1,1,1,2,2,2,2,2,1,1,1,1,2,2,2,2,2,2,2,2,2,1,1,2,2,2,2,2,2,2,2,2,2,2,2,1,1,1,1,1,1,1,1,2,2,2,2,2,2,2,2,2,2,2,2,2,2,1,1,1,1,2,2,2,2,2,1,1,1,1,1,1,1,1,2,2,2,2,2,2,2,2,2,NA,NA,NA,NA,NA,NA,NA,NA,NA,NA,NA,NA,NA,NA,NA,NA,NA,NA,NA,NA,NA,NA,NA,NA,NA,NA,NA,NA,NA,NA,NA,NA,NA,NA,NA,NA,NA,NA,NA,NA,NA,NA,NA,NA,NA,NA,NA,NA,NA,NA,NA,NA,NA,NA,NA,NA,NA,NA,NA,NA,NA,NA,NA,NA,NA,NA,NA,NA,NA,NA,NA,NA,NA,NA,NA,NA,NA,NA,NA,NA,NA,NA,NA,NA,NA,NA,NA,NA,NA,NA,NA,NA,NA,NA,NA,NA,NA,NA,NA,NA,NA,NA,NA,NA,NA,NA,NA,NA,NA,NA,NA,1649098132,NA,1,NA,NA,6,7,4,1,2,3,5,8,NA,NA,NA,NA,NA,NA,NA,NA,NA,f6f116c524
2022-04-04T19:02:04Z,2022-04-04T19:05:59Z,IP Address,*******,100,235,TRUE,2022-04-04T19:06:00Z,R_1KcHlZRDPycsLJw,*******,*******,*******,*******,*******,*******,anonymous,EN,"Yes, I agree to participate in this study.",1,1,1,1,2,2,2,2,2,NA,NA,NA,NA,NA,NA,NA,NA,NA,1,1,1,1,1,2,2,2,2,2,2,2,2,1,1,1,1,1,1,1,1,1,2,2,2,2,2,1,1,1,1,1,2,2,2,2,2,2,2,2,2,2,2,2,2,2,2,2,2,1,1,1,1,1,2,2,2,2,2,2,2,2,2,2,2,2,2,2,2,2,2,2,2,2,2,NA,NA,NA,NA,NA,NA,NA,NA,NA,NA,NA,NA,NA,NA,NA,NA,NA,NA,NA,NA,NA,NA,NA,NA,NA,NA,NA,NA,NA,NA,NA,NA,NA,NA,NA,NA,NA,NA,NA,NA,NA,NA,NA,NA,NA,NA,NA,NA,NA,NA,NA,NA,NA,NA,NA,NA,NA,NA,NA,NA,NA,NA,NA,NA,NA,NA,NA,NA,NA,NA,NA,NA,NA,NA,NA,NA,NA,NA,NA,NA,NA,NA,NA,NA,NA,NA,NA,NA,NA,NA,NA,NA,NA,NA,NA,NA,NA,NA,NA,NA,NA,NA,NA,NA,NA,NA,NA,NA,NA,NA,NA,1649098132,NA,1,NA,NA,6,7,4,1,2,3,5,8,NA,NA,NA,NA,NA,NA,NA,NA,NA,102d188433
2022-04-04T19:00:17Z,2022-04-04T19:06:46Z,IP Address,*******,100,388,TRUE,2022-04-04T19:06:46Z,R_3PgyHYzqdL3s0So,*******,*******,*******,*******,*******,*******,anonymous,EN,"Yes, I agree to participate in this study.",1,1,1,1,2,2,2,2,2,NA,NA,NA,NA,NA,NA,NA,NA,NA,1,1,1,1,1,1,1,1,2,2,2,2,2,1,1,1,1,1,2,2,2,2,1,1,1,1,1,1,1,1,1,1,2,2,2,2,2,2,2,2,2,2,2,2,1,1,1,2,2,1,1,1,1,1,1,2,2,2,NA,NA,NA,NA,NA,NA,NA,NA,NA,NA,NA,NA,NA,NA,NA,NA,NA,1,1,1,1,1,1,1,1,1,2,2,2,2,2,2,2,2,NA,NA,NA,NA,NA,NA,NA,NA,NA,NA,NA,NA,NA,NA,NA,NA,NA,NA,NA,NA,NA,NA,NA,NA,NA,NA,NA,NA,NA,NA,NA,NA,NA,NA,NA,NA,NA,NA,NA,NA,NA,NA,NA,NA,NA,NA,NA,NA,NA,NA,NA,NA,NA,NA,NA,NA,NA,NA,NA,NA,NA,NA,NA,NA,NA,NA,NA,NA,NA,NA,NA,NA,NA,NA,NA,NA,NA,NA,NA,NA,NA,NA,NA,NA,NA,NA,NA,NA,NA,NA,NA,NA,NA,The last question was still a chance I thought that it was still fine up to a certain point then gambling for more would be greedy instead of fixed amount.,1649093844,NA,1,NA,8,6,7,4,1,2,3,5,NA,NA,NA,NA,NA,NA,NA,NA,NA,NA,e70d51f0f7
2022-04-04T18:51:51Z,2022-04-04T19:06:58Z,IP Address,*******,100,907,TRUE,2022-04-04T19:06:59Z,R_1IXcAslf1ctg5Yb,*******,*******,*******,*******,*******,*******,anonymous,EN,"Yes, I agree to participate in this study.",1,1,1,1,2,2,2,2,2,NA,NA,NA,NA,NA,NA,NA,NA,NA,NA,NA,NA,NA,NA,NA,NA,NA,NA,NA,NA,NA,NA,NA,NA,NA,NA,NA,NA,NA,NA,NA,NA,NA,NA,NA,NA,NA,NA,NA,NA,NA,NA,NA,NA,NA,NA,NA,NA,NA,NA,NA,NA,NA,NA,NA,NA,NA,NA,NA,NA,NA,NA,NA,NA,NA,NA,NA,NA,NA,NA,NA,NA,NA,NA,NA,NA,NA,NA,NA,NA,NA,NA,NA,NA,NA,NA,NA,NA,NA,NA,NA,NA,NA,NA,NA,NA,NA,NA,NA,NA,NA,1,1,1,1,1,1,1,1,2,2,2,2,2,1,1,1,1,1,2,2,2,2,1,1,1,1,2,1,1,1,1,1,1,1,1,1,1,1,2,2,2,2,2,2,1,1,1,1,2,1,1,1,1,1,1,2,2,2,1,1,1,1,1,1,1,1,1,1,1,2,2,2,2,2,2,NA,NA,NA,NA,NA,NA,NA,NA,NA,NA,NA,NA,NA,NA,NA,NA,NA,NA,I felt that there was enough rewards to take a gamble and that the potential losses weren't too drastic,1649098132,NA,NA,1,NA,NA,NA,NA,NA,NA,NA,NA,NA,7,6,NA,5,8,4,1,3,2,255056937e
2022-04-04T18:57:20Z,2022-04-04T19:07:47Z,IP Address,*******,100,626,TRUE,2022-04-04T19:07:47Z,R_efCGNA5ihCNwef7,*******,*******,*******,*******,*******,*******,anonymous,EN,"Yes, I agree to participate in this study.",1,1,1,1,2,2,2,2,2,NA,NA,NA,NA,NA,NA,NA,NA,NA,1,1,1,1,1,1,1,2,2,2,2,2,2,1,1,1,1,1,2,2,2,2,1,1,1,1,1,1,1,1,1,1,1,1,1,2,2,2,2,2,2,2,2,2,1,1,1,1,2,1,1,1,1,1,1,2,2,2,NA,NA,NA,NA,NA,NA,NA,NA,NA,NA,NA,NA,NA,NA,NA,NA,NA,1,1,1,1,1,1,1,1,1,2,2,2,2,2,2,2,2,NA,NA,NA,NA,NA,NA,NA,NA,NA,NA,NA,NA,NA,NA,NA,NA,NA,NA,NA,NA,NA,NA,NA,NA,NA,NA,NA,NA,NA,NA,NA,NA,NA,NA,NA,NA,NA,NA,NA,NA,NA,NA,NA,NA,NA,NA,NA,NA,NA,NA,NA,NA,NA,NA,NA,NA,NA,NA,NA,NA,NA,NA,NA,NA,NA,NA,NA,NA,NA,NA,NA,NA,NA,NA,NA,NA,NA,NA,NA,NA,NA,NA,NA,NA,NA,NA,NA,NA,NA,NA,NA,NA,difficult to totally understand,very confusing,1649098132,NA,1,NA,8,6,7,4,1,2,3,5,NA,NA,NA,NA,NA,NA,NA,NA,NA,NA,54318e39f7
2022-04-04T19:02:24Z,2022-04-04T19:10:15Z,IP Address,*******,100,471,TRUE,2022-04-04T19:10:16Z,R_2tDaNM8zhVmSE7p,*******,*******,*******,*******,*******,*******,anonymous,EN,"Yes, I agree to participate in this study.",1,1,1,1,2,2,2,2,2,NA,NA,NA,NA,NA,NA,NA,NA,NA,NA,NA,NA,NA,NA,NA,NA,NA,NA,NA,NA,NA,NA,NA,NA,NA,NA,NA,NA,NA,NA,NA,NA,NA,NA,NA,NA,NA,NA,NA,NA,NA,NA,NA,NA,NA,NA,NA,NA,NA,NA,NA,NA,NA,NA,NA,NA,NA,NA,NA,NA,NA,NA,NA,NA,NA,NA,NA,NA,NA,NA,NA,NA,NA,NA,NA,NA,NA,NA,NA,NA,NA,NA,NA,NA,NA,NA,NA,NA,NA,NA,NA,NA,NA,NA,NA,NA,NA,NA,NA,NA,NA,1,1,1,1,1,1,1,1,1,2,2,2,2,1,1,1,1,1,2,2,2,2,1,1,1,2,2,1,1,1,1,1,1,1,1,1,1,1,1,1,2,2,2,2,1,1,1,2,2,1,1,1,1,1,1,2,2,2,NA,NA,NA,NA,NA,NA,NA,NA,NA,NA,NA,NA,NA,NA,NA,NA,NA,1,1,1,1,1,1,1,1,1,1,1,1,2,2,2,2,2,Nope,NA,1649098132,NA,NA,1,NA,NA,NA,NA,NA,NA,NA,NA,NA,7,6,8,5,NA,4,1,3,2,03be7ae879
2022-04-04T19:02:27Z,2022-04-04T19:30:00Z,IP Address,*******,100,1653,TRUE,2022-04-04T19:30:01Z,R_yJuYUGZ0b2W0HaV,*******,*******,*******,*******,*******,*******,anonymous,EN,"Yes, I agree to participate in this study.",1,1,1,1,2,2,2,2,2,NA,NA,NA,NA,NA,NA,NA,NA,NA,1,1,1,1,2,2,2,2,2,2,2,2,2,1,1,1,2,2,2,2,2,2,1,1,2,2,2,1,1,1,1,1,1,1,2,2,2,2,2,2,2,2,2,2,1,1,1,2,2,1,1,1,2,2,2,2,2,2,NA,NA,NA,NA,NA,NA,NA,NA,NA,NA,NA,NA,NA,NA,NA,NA,NA,1,1,1,1,1,1,1,1,2,2,2,2,2,2,2,2,2,NA,NA,NA,NA,NA,NA,NA,NA,NA,NA,NA,NA,NA,NA,NA,NA,NA,NA,NA,NA,NA,NA,NA,NA,NA,NA,NA,NA,NA,NA,NA,NA,NA,NA,NA,NA,NA,NA,NA,NA,NA,NA,NA,NA,NA,NA,NA,NA,NA,NA,NA,NA,NA,NA,NA,NA,NA,NA,NA,NA,NA,NA,NA,NA,NA,NA,NA,NA,NA,NA,NA,NA,NA,NA,NA,NA,NA,NA,NA,NA,NA,NA,NA,NA,NA,NA,NA,NA,NA,NA,NA,NA,NA,It makes a little more difficult to choose because you have two tries so the odds change,1649089863,NA,1,NA,8,6,7,4,1,2,3,5,NA,NA,NA,NA,NA,NA,NA,NA,NA,NA,5b59bbb728
2022-04-04T19:53:44Z,2022-04-04T19:59:15Z,IP Address,*******,100,330,TRUE,2022-04-04T19:59:15Z,R_3DuQlEdvXwVTy76,*******,*******,*******,*******,*******,*******,anonymous,EN,"Yes, I agree to participate in this study.",1,1,1,1,2,2,2,2,2,NA,NA,NA,NA,NA,NA,NA,NA,NA,NA,NA,NA,NA,NA,NA,NA,NA,NA,NA,NA,NA,NA,NA,NA,NA,NA,NA,NA,NA,NA,NA,NA,NA,NA,NA,NA,NA,NA,NA,NA,NA,NA,NA,NA,NA,NA,NA,NA,NA,NA,NA,NA,NA,NA,NA,NA,NA,NA,NA,NA,NA,NA,NA,NA,NA,NA,NA,NA,NA,NA,NA,NA,NA,NA,NA,NA,NA,NA,NA,NA,NA,NA,NA,NA,NA,NA,NA,NA,NA,NA,NA,NA,NA,NA,NA,NA,NA,NA,NA,NA,NA,1,1,1,1,1,1,2,2,2,2,2,2,2,1,1,1,1,2,2,2,2,2,1,1,2,2,2,1,1,1,1,1,1,1,1,2,2,2,2,2,2,2,2,2,1,1,2,2,2,1,1,1,1,2,2,2,2,2,1,1,1,1,1,1,1,1,2,2,2,2,2,2,2,2,2,NA,NA,NA,NA,NA,NA,NA,NA,NA,NA,NA,NA,NA,NA,NA,NA,NA,NA,No opinion,1649098132,NA,NA,1,NA,NA,NA,NA,NA,NA,NA,NA,NA,7,6,NA,5,8,4,1,3,2,59e028b93a
2022-04-04T19:56:37Z,2022-04-04T20:01:39Z,IP Address,*******,100,301,TRUE,2022-04-04T20:01:39Z,R_1o5TOK0ojpkb96v,*******,*******,*******,*******,*******,*******,anonymous,EN,"Yes, I agree to participate in this study.",1,1,1,1,2,2,2,2,2,NA,NA,NA,NA,NA,NA,NA,NA,NA,NA,NA,NA,NA,NA,NA,NA,NA,NA,NA,NA,NA,NA,NA,NA,NA,NA,NA,NA,NA,NA,NA,NA,NA,NA,NA,NA,NA,NA,NA,NA,NA,NA,NA,NA,NA,NA,NA,NA,NA,NA,NA,NA,NA,NA,NA,NA,NA,NA,NA,NA,NA,NA,NA,NA,NA,NA,NA,NA,NA,NA,NA,NA,NA,NA,NA,NA,NA,NA,NA,NA,NA,NA,NA,NA,NA,NA,NA,NA,NA,NA,NA,NA,NA,NA,NA,NA,NA,NA,NA,NA,NA,2,2,2,2,2,2,2,2,2,2,2,2,2,2,2,2,2,2,2,2,2,2,2,2,2,2,2,2,2,2,2,2,2,2,2,2,2,2,2,2,2,2,2,2,1,2,2,2,2,1,2,2,2,2,2,2,2,2,NA,NA,NA,NA,NA,NA,NA,NA,NA,NA,NA,NA,NA,NA,NA,NA,NA,1,2,2,2,2,2,2,2,2,2,2,2,2,2,2,2,2,NA,NA,1649093844,NA,NA,1,NA,NA,NA,NA,NA,NA,NA,NA,NA,7,6,8,5,NA,4,1,3,2,c15d63e7be
2022-04-04T20:02:25Z,2022-04-04T20:05:34Z,IP Address,*******,100,189,TRUE,2022-04-04T20:05:34Z,R_3OrbaORVtHnJQHx,*******,*******,*******,*******,*******,*******,anonymous,EN,"Yes, I agree to participate in this study.",1,2,2,2,2,2,2,2,2,1,1,1,1,1,2,2,2,2,2,2,2,2,2,2,2,2,2,2,2,2,2,2,2,2,2,2,2,2,2,2,2,2,2,2,2,2,2,2,2,2,2,2,2,2,2,2,2,2,2,2,2,2,2,2,2,2,2,2,2,2,2,2,2,2,2,2,NA,NA,NA,NA,NA,NA,NA,NA,NA,NA,NA,NA,NA,NA,NA,NA,NA,2,2,2,2,2,2,2,2,2,2,2,2,2,2,2,2,2,NA,NA,NA,NA,NA,NA,NA,NA,NA,NA,NA,NA,NA,NA,NA,NA,NA,NA,NA,NA,NA,NA,NA,NA,NA,NA,NA,NA,NA,NA,NA,NA,NA,NA,NA,NA,NA,NA,NA,NA,NA,NA,NA,NA,NA,NA,NA,NA,NA,NA,NA,NA,NA,NA,NA,NA,NA,NA,NA,NA,NA,NA,NA,NA,NA,NA,NA,NA,NA,NA,NA,NA,NA,NA,NA,NA,NA,NA,NA,NA,NA,NA,NA,NA,NA,NA,NA,NA,NA,NA,NA,NA,NA,Good odds,1649098132,NA,1,NA,8,6,7,4,1,2,3,5,NA,NA,NA,NA,NA,NA,NA,NA,NA,NA,4f5b13f2ef
2022-04-04T20:02:14Z,2022-04-04T20:07:05Z,IP Address,*******,100,290,TRUE,2022-04-04T20:07:05Z,R_1QfNu9Nhocvgv5l,*******,*******,*******,*******,*******,*******,anonymous,EN,"Yes, I agree to participate in this study.",1,1,1,1,2,2,2,2,2,NA,NA,NA,NA,NA,NA,NA,NA,NA,1,1,1,1,1,1,2,2,2,2,2,2,2,1,1,1,1,2,2,2,2,2,1,1,1,1,2,1,1,1,1,1,1,1,1,2,2,2,2,2,2,2,2,2,1,1,1,1,2,1,1,1,1,1,2,2,2,2,1,1,1,1,1,1,2,2,2,2,2,2,2,2,2,2,2,NA,NA,NA,NA,NA,NA,NA,NA,NA,NA,NA,NA,NA,NA,NA,NA,NA,NA,NA,NA,NA,NA,NA,NA,NA,NA,NA,NA,NA,NA,NA,NA,NA,NA,NA,NA,NA,NA,NA,NA,NA,NA,NA,NA,NA,NA,NA,NA,NA,NA,NA,NA,NA,NA,NA,NA,NA,NA,NA,NA,NA,NA,NA,NA,NA,NA,NA,NA,NA,NA,NA,NA,NA,NA,NA,NA,NA,NA,NA,NA,NA,NA,NA,NA,NA,NA,NA,NA,NA,NA,NA,NA,NA,NA,NA,NA,NA,NA,NA,NA,NA,NA,NA,NA,NA,NA,NA,NA,NA,NA,NA,1649098132,NA,1,NA,NA,6,7,4,1,2,3,5,8,NA,NA,NA,NA,NA,NA,NA,NA,NA,f9c58d11a0
2022-04-04T20:11:28Z,2022-04-04T20:14:48Z,IP Address,*******,100,199,TRUE,2022-04-04T20:14:48Z,R_XBsYKrWleHU0EvL,*******,*******,*******,*******,*******,*******,anonymous,EN,"Yes, I agree to participate in this study.",1,1,1,1,1,2,2,2,2,1,1,1,1,1,2,2,2,2,NA,NA,NA,NA,NA,NA,NA,NA,NA,NA,NA,NA,NA,NA,NA,NA,NA,NA,NA,NA,NA,NA,NA,NA,NA,NA,NA,NA,NA,NA,NA,NA,NA,NA,NA,NA,NA,NA,NA,NA,NA,NA,NA,NA,NA,NA,NA,NA,NA,NA,NA,NA,NA,NA,NA,NA,NA,NA,NA,NA,NA,NA,NA,NA,NA,NA,NA,NA,NA,NA,NA,NA,NA,NA,NA,NA,NA,NA,NA,NA,NA,NA,NA,NA,NA,NA,NA,NA,NA,NA,NA,NA,1,1,1,1,1,1,1,2,2,2,2,2,2,1,1,1,1,1,2,2,2,2,1,1,1,2,2,1,1,1,1,1,1,1,1,1,1,1,1,2,2,2,2,2,1,1,2,2,2,1,1,1,1,2,2,2,2,2,NA,NA,NA,NA,NA,NA,NA,NA,NA,NA,NA,NA,NA,NA,NA,NA,NA,1,1,1,1,1,1,1,1,1,1,1,2,2,2,2,2,2,NA,NA,1649098132,NA,NA,1,NA,NA,NA,NA,NA,NA,NA,NA,NA,7,6,8,5,NA,4,1,3,2,618775e9e5
2022-04-04T20:07:32Z,2022-04-04T20:15:20Z,IP Address,*******,100,468,TRUE,2022-04-04T20:15:21Z,R_3JejloS3uhbCKRE,*******,*******,*******,*******,*******,*******,anonymous,EN,"Yes, I agree to participate in this study.",1,1,1,1,1,1,1,1,1,1,1,1,1,2,2,2,2,2,1,1,1,1,1,1,1,1,1,1,1,1,1,1,1,1,1,1,1,1,1,1,1,1,1,1,1,1,1,1,1,1,1,1,1,1,1,1,1,1,1,1,1,1,1,1,1,1,1,1,1,1,1,1,1,1,1,1,1,1,1,1,1,1,1,1,1,1,1,1,1,1,1,1,1,NA,NA,NA,NA,NA,NA,NA,NA,NA,NA,NA,NA,NA,NA,NA,NA,NA,NA,NA,NA,NA,NA,NA,NA,NA,NA,NA,NA,NA,NA,NA,NA,NA,NA,NA,NA,NA,NA,NA,NA,NA,NA,NA,NA,NA,NA,NA,NA,NA,NA,NA,NA,NA,NA,NA,NA,NA,NA,NA,NA,NA,NA,NA,NA,NA,NA,NA,NA,NA,NA,NA,NA,NA,NA,NA,NA,NA,NA,NA,NA,NA,NA,NA,NA,NA,NA,NA,NA,NA,NA,NA,NA,NA,NA,NA,NA,NA,NA,NA,NA,NA,NA,NA,NA,NA,NA,NA,NA,NA,No.,NA,1649098132,NA,1,NA,NA,6,7,4,1,2,3,5,8,NA,NA,NA,NA,NA,NA,NA,NA,NA,9eab032b68
2022-04-04T20:11:56Z,2022-04-04T20:15:52Z,IP Address,*******,100,236,TRUE,2022-04-04T20:15:52Z,R_2zvkEMFwZ3YL4i6,*******,*******,*******,*******,*******,*******,anonymous,EN,"Yes, I agree to participate in this study.",1,1,1,1,2,2,2,2,2,NA,NA,NA,NA,NA,NA,NA,NA,NA,NA,NA,NA,NA,NA,NA,NA,NA,NA,NA,NA,NA,NA,NA,NA,NA,NA,NA,NA,NA,NA,NA,NA,NA,NA,NA,NA,NA,NA,NA,NA,NA,NA,NA,NA,NA,NA,NA,NA,NA,NA,NA,NA,NA,NA,NA,NA,NA,NA,NA,NA,NA,NA,NA,NA,NA,NA,NA,NA,NA,NA,NA,NA,NA,NA,NA,NA,NA,NA,NA,NA,NA,NA,NA,NA,NA,NA,NA,NA,NA,NA,NA,NA,NA,NA,NA,NA,NA,NA,NA,NA,NA,1,1,1,1,1,1,1,2,2,2,2,2,2,1,1,1,1,1,2,2,2,2,1,1,1,2,2,1,1,1,1,1,1,1,1,1,2,2,2,2,2,2,2,2,1,1,1,2,2,1,1,1,1,1,2,2,2,2,NA,NA,NA,NA,NA,NA,NA,NA,NA,NA,NA,NA,NA,NA,NA,NA,NA,1,1,1,1,1,1,1,1,1,1,1,1,1,1,1,1,1,:),NA,1649098132,NA,NA,1,NA,NA,NA,NA,NA,NA,NA,NA,NA,7,6,8,5,NA,4,1,3,2,edf4fb8cd8
2022-04-04T20:19:49Z,2022-04-04T20:22:32Z,IP Address,*******,100,163,TRUE,2022-04-04T20:22:32Z,R_4O9u1g1ns9vZMOJ,*******,*******,*******,*******,*******,*******,anonymous,EN,"Yes, I agree to participate in this study.",1,1,1,1,1,2,2,2,2,1,1,1,1,1,2,2,2,2,1,1,1,1,1,1,1,2,2,2,2,2,2,1,1,1,1,1,2,2,2,2,1,1,1,2,2,1,1,1,1,1,1,2,2,2,2,2,2,2,2,2,2,2,1,1,1,2,2,1,1,1,1,1,1,2,2,2,1,1,1,1,1,1,1,1,1,1,2,2,2,2,2,2,2,NA,NA,NA,NA,NA,NA,NA,NA,NA,NA,NA,NA,NA,NA,NA,NA,NA,NA,NA,NA,NA,NA,NA,NA,NA,NA,NA,NA,NA,NA,NA,NA,NA,NA,NA,NA,NA,NA,NA,NA,NA,NA,NA,NA,NA,NA,NA,NA,NA,NA,NA,NA,NA,NA,NA,NA,NA,NA,NA,NA,NA,NA,NA,NA,NA,NA,NA,NA,NA,NA,NA,NA,NA,NA,NA,NA,NA,NA,NA,NA,NA,NA,NA,NA,NA,NA,NA,NA,NA,NA,NA,NA,NA,NA,NA,NA,NA,NA,NA,NA,NA,NA,NA,NA,NA,NA,NA,NA,NA,No.,NA,1649098132,NA,1,NA,NA,6,7,4,1,2,3,5,8,NA,NA,NA,NA,NA,NA,NA,NA,NA,7de4d2fb21
2022-04-04T20:13:53Z,2022-04-04T20:23:38Z,IP Address,*******,100,585,TRUE,2022-04-04T20:23:43Z,R_3jTN5LZEwktMx1g,*******,*******,*******,*******,*******,*******,anonymous,EN,"Yes, I agree to participate in this study.",1,1,1,1,1,2,2,2,2,1,1,1,1,2,2,2,2,2,NA,NA,NA,NA,NA,NA,NA,NA,NA,NA,NA,NA,NA,NA,NA,NA,NA,NA,NA,NA,NA,NA,NA,NA,NA,NA,NA,NA,NA,NA,NA,NA,NA,NA,NA,NA,NA,NA,NA,NA,NA,NA,NA,NA,NA,NA,NA,NA,NA,NA,NA,NA,NA,NA,NA,NA,NA,NA,NA,NA,NA,NA,NA,NA,NA,NA,NA,NA,NA,NA,NA,NA,NA,NA,NA,NA,NA,NA,NA,NA,NA,NA,NA,NA,NA,NA,NA,NA,NA,NA,NA,NA,1,1,1,1,2,2,2,2,2,2,2,2,2,1,1,1,1,2,2,2,2,2,1,1,1,1,2,1,1,1,1,1,1,1,1,1,1,1,1,1,1,1,1,2,1,1,1,1,2,1,1,1,1,2,2,2,2,2,1,1,1,1,2,2,2,2,2,2,2,2,2,2,2,2,2,NA,NA,NA,NA,NA,NA,NA,NA,NA,NA,NA,NA,NA,NA,NA,NA,NA,NA,Good,1649098132,NA,NA,1,NA,NA,NA,NA,NA,NA,NA,NA,NA,7,6,NA,5,8,4,1,3,2,a9366ecee0
2022-04-04T20:18:38Z,2022-04-04T20:23:46Z,IP Address,*******,100,308,TRUE,2022-04-04T20:23:46Z,R_2Bl2epoPxv5TSjj,*******,*******,*******,*******,*******,*******,anonymous,EN,"Yes, I agree to participate in this study.",1,1,1,1,1,2,2,2,2,1,1,1,1,2,2,2,2,2,1,1,1,1,1,1,2,2,2,2,2,2,2,1,1,1,1,2,2,2,2,2,1,1,1,1,2,1,1,1,1,1,1,1,1,2,2,2,2,2,2,2,2,2,1,1,1,2,2,1,1,1,1,2,2,2,2,2,NA,NA,NA,NA,NA,NA,NA,NA,NA,NA,NA,NA,NA,NA,NA,NA,NA,1,1,1,1,1,1,1,2,2,2,2,2,2,2,2,2,2,NA,NA,NA,NA,NA,NA,NA,NA,NA,NA,NA,NA,NA,NA,NA,NA,NA,NA,NA,NA,NA,NA,NA,NA,NA,NA,NA,NA,NA,NA,NA,NA,NA,NA,NA,NA,NA,NA,NA,NA,NA,NA,NA,NA,NA,NA,NA,NA,NA,NA,NA,NA,NA,NA,NA,NA,NA,NA,NA,NA,NA,NA,NA,NA,NA,NA,NA,NA,NA,NA,NA,NA,NA,NA,NA,NA,NA,NA,NA,NA,NA,NA,NA,NA,NA,NA,NA,NA,NA,NA,NA,NA,NA,NA,1649098132,NA,1,NA,8,6,7,4,1,2,3,5,NA,NA,NA,NA,NA,NA,NA,NA,NA,NA,7acc1ed469
2022-04-04T20:23:32Z,2022-04-04T20:25:52Z,IP Address,*******,100,139,TRUE,2022-04-04T20:25:52Z,R_YY64uJPrCSR0xqh,*******,*******,*******,*******,*******,*******,anonymous,EN,"Yes, I agree to participate in this study.",1,1,1,1,2,2,2,2,2,NA,NA,NA,NA,NA,NA,NA,NA,NA,NA,NA,NA,NA,NA,NA,NA,NA,NA,NA,NA,NA,NA,NA,NA,NA,NA,NA,NA,NA,NA,NA,NA,NA,NA,NA,NA,NA,NA,NA,NA,NA,NA,NA,NA,NA,NA,NA,NA,NA,NA,NA,NA,NA,NA,NA,NA,NA,NA,NA,NA,NA,NA,NA,NA,NA,NA,NA,NA,NA,NA,NA,NA,NA,NA,NA,NA,NA,NA,NA,NA,NA,NA,NA,NA,NA,NA,NA,NA,NA,NA,NA,NA,NA,NA,NA,NA,NA,NA,NA,NA,NA,1,1,1,1,1,1,1,1,2,2,2,2,2,1,1,1,1,1,1,2,2,2,1,1,1,1,2,1,1,1,1,1,1,1,1,1,1,1,1,1,2,2,2,2,1,2,2,2,2,1,1,1,1,2,2,2,2,2,1,1,1,1,2,2,2,2,2,2,2,2,2,2,2,2,2,NA,NA,NA,NA,NA,NA,NA,NA,NA,NA,NA,NA,NA,NA,NA,NA,NA,NA,NA,1649098132,NA,NA,1,NA,NA,NA,NA,NA,NA,NA,NA,NA,7,6,NA,5,8,4,1,3,2,b5d9d6b7ab
2022-04-04T20:20:55Z,2022-04-04T20:26:02Z,IP Address,*******,100,307,TRUE,2022-04-04T20:26:03Z,R_20ZErsRAJeAXA35,*******,*******,*******,*******,*******,*******,anonymous,EN,"Yes, I agree to participate in this study.",1,1,1,1,1,2,2,2,2,1,1,1,1,1,1,1,2,2,NA,NA,NA,NA,NA,NA,NA,NA,NA,NA,NA,NA,NA,NA,NA,NA,NA,NA,NA,NA,NA,NA,NA,NA,NA,NA,NA,NA,NA,NA,NA,NA,NA,NA,NA,NA,NA,NA,NA,NA,NA,NA,NA,NA,NA,NA,NA,NA,NA,NA,NA,NA,NA,NA,NA,NA,NA,NA,NA,NA,NA,NA,NA,NA,NA,NA,NA,NA,NA,NA,NA,NA,NA,NA,NA,NA,NA,NA,NA,NA,NA,NA,NA,NA,NA,NA,NA,NA,NA,NA,NA,NA,1,1,1,1,1,1,1,1,2,2,2,2,2,1,1,1,1,1,1,2,2,2,1,1,1,1,2,1,1,1,1,1,1,1,1,2,2,2,2,2,2,2,2,2,1,2,2,2,2,1,1,1,1,1,1,2,2,2,1,1,1,1,1,1,1,1,1,1,1,1,1,1,1,1,2,NA,NA,NA,NA,NA,NA,NA,NA,NA,NA,NA,NA,NA,NA,NA,NA,NA,NA,The answer was obvious,1649098132,NA,NA,1,NA,NA,NA,NA,NA,NA,NA,NA,NA,7,6,NA,5,8,4,1,3,2,a909a77e8a
2022-04-04T20:22:29Z,2022-04-04T20:26:30Z,IP Address,*******,100,241,TRUE,2022-04-04T20:26:30Z,R_2dyZ6Bx4qzpcDZh,*******,*******,*******,*******,*******,*******,anonymous,EN,"Yes, I agree to participate in this study.",1,1,1,1,2,2,2,2,2,NA,NA,NA,NA,NA,NA,NA,NA,NA,1,1,1,1,1,1,2,2,2,2,2,2,2,1,1,1,1,2,2,2,2,2,1,1,1,2,2,1,1,1,1,1,1,2,2,2,2,2,2,2,2,2,2,2,1,1,1,2,2,1,1,1,1,1,2,2,2,2,NA,NA,NA,NA,NA,NA,NA,NA,NA,NA,NA,NA,NA,NA,NA,NA,NA,1,1,1,1,1,1,1,1,1,2,2,2,2,2,2,2,2,NA,NA,NA,NA,NA,NA,NA,NA,NA,NA,NA,NA,NA,NA,NA,NA,NA,NA,NA,NA,NA,NA,NA,NA,NA,NA,NA,NA,NA,NA,NA,NA,NA,NA,NA,NA,NA,NA,NA,NA,NA,NA,NA,NA,NA,NA,NA,NA,NA,NA,NA,NA,NA,NA,NA,NA,NA,NA,NA,NA,NA,NA,NA,NA,NA,NA,NA,NA,NA,NA,NA,NA,NA,NA,NA,NA,NA,NA,NA,NA,NA,NA,NA,NA,NA,NA,NA,NA,NA,NA,NA,NA,NA,"The last question was worded very confusingly, but it is essentially either $3 or $7 through the lottery.",1649098132,NA,1,NA,8,6,7,4,1,2,3,5,NA,NA,NA,NA,NA,NA,NA,NA,NA,NA,473a61039c
2022-04-04T20:23:06Z,2022-04-04T20:26:33Z,IP Address,*******,100,206,TRUE,2022-04-04T20:26:34Z,R_2B9uvgtZz4QBHBo,*******,*******,*******,*******,*******,*******,anonymous,EN,"Yes, I agree to participate in this study.",1,1,1,2,2,2,2,2,2,1,1,1,1,2,2,2,2,2,1,1,1,1,1,1,1,1,1,1,1,1,2,1,1,1,1,1,1,1,1,2,1,1,1,1,2,1,1,1,1,1,1,1,1,1,1,1,1,1,1,1,1,2,1,1,1,1,2,1,1,1,1,1,1,1,1,2,NA,NA,NA,NA,NA,NA,NA,NA,NA,NA,NA,NA,NA,NA,NA,NA,NA,1,1,1,1,1,1,1,1,2,2,2,2,2,2,2,2,2,NA,NA,NA,NA,NA,NA,NA,NA,NA,NA,NA,NA,NA,NA,NA,NA,NA,NA,NA,NA,NA,NA,NA,NA,NA,NA,NA,NA,NA,NA,NA,NA,NA,NA,NA,NA,NA,NA,NA,NA,NA,NA,NA,NA,NA,NA,NA,NA,NA,NA,NA,NA,NA,NA,NA,NA,NA,NA,NA,NA,NA,NA,NA,NA,NA,NA,NA,NA,NA,NA,NA,NA,NA,NA,NA,NA,NA,NA,NA,NA,NA,NA,NA,NA,NA,NA,NA,NA,NA,NA,NA,NA,NA,a bit more difficult to understand the likelyhood,1649098132,NA,1,NA,8,6,7,4,1,2,3,5,NA,NA,NA,NA,NA,NA,NA,NA,NA,NA,427c50737b
2022-04-04T20:18:44Z,2022-04-04T20:26:54Z,IP Address,*******,100,490,TRUE,2022-04-04T20:26:54Z,R_3HZ9bt3DJTUiXRp,*******,*******,*******,*******,*******,*******,anonymous,EN,"Yes, I agree to participate in this study.",1,1,1,1,2,2,2,2,2,NA,NA,NA,NA,NA,NA,NA,NA,NA,NA,NA,NA,NA,NA,NA,NA,NA,NA,NA,NA,NA,NA,NA,NA,NA,NA,NA,NA,NA,NA,NA,NA,NA,NA,NA,NA,NA,NA,NA,NA,NA,NA,NA,NA,NA,NA,NA,NA,NA,NA,NA,NA,NA,NA,NA,NA,NA,NA,NA,NA,NA,NA,NA,NA,NA,NA,NA,NA,NA,NA,NA,NA,NA,NA,NA,NA,NA,NA,NA,NA,NA,NA,NA,NA,NA,NA,NA,NA,NA,NA,NA,NA,NA,NA,NA,NA,NA,NA,NA,NA,NA,1,1,1,1,1,1,1,2,2,2,2,2,2,1,1,1,1,2,2,2,2,2,1,1,1,1,1,1,1,1,1,1,1,1,1,1,1,1,1,1,1,1,1,1,1,1,1,1,1,1,1,1,1,1,2,2,2,2,1,1,1,1,2,2,2,2,2,2,2,2,2,2,2,2,2,NA,NA,NA,NA,NA,NA,NA,NA,NA,NA,NA,NA,NA,NA,NA,NA,NA,It took me a while to wrap my head around what I had to do but I think that was my own fault and not down to the wording of the instructions,That it was no different to the rest of the questions unless I missed something,1649098132,NA,NA,1,NA,NA,NA,NA,NA,NA,NA,NA,NA,7,6,NA,5,8,4,1,3,2,435d1e0e14
2022-04-04T20:22:36Z,2022-04-04T20:27:20Z,IP Address,*******,100,283,TRUE,2022-04-04T20:27:20Z,R_2QYEvyVIOjhTk6s,*******,*******,*******,*******,*******,*******,anonymous,EN,"Yes, I agree to participate in this study.",1,1,1,1,2,2,2,2,2,NA,NA,NA,NA,NA,NA,NA,NA,NA,NA,NA,NA,NA,NA,NA,NA,NA,NA,NA,NA,NA,NA,NA,NA,NA,NA,NA,NA,NA,NA,NA,NA,NA,NA,NA,NA,NA,NA,NA,NA,NA,NA,NA,NA,NA,NA,NA,NA,NA,NA,NA,NA,NA,NA,NA,NA,NA,NA,NA,NA,NA,NA,NA,NA,NA,NA,NA,NA,NA,NA,NA,NA,NA,NA,NA,NA,NA,NA,NA,NA,NA,NA,NA,NA,NA,NA,NA,NA,NA,NA,NA,NA,NA,NA,NA,NA,NA,NA,NA,NA,NA,1,2,2,2,2,2,2,2,2,2,2,2,2,1,2,2,2,2,2,2,2,2,1,1,1,2,2,1,1,1,1,1,1,1,1,1,2,2,2,2,2,2,2,2,1,1,2,2,2,1,1,1,1,1,2,2,2,2,NA,NA,NA,NA,NA,NA,NA,NA,NA,NA,NA,NA,NA,NA,NA,NA,NA,1,2,2,2,2,2,2,2,2,2,2,2,2,2,2,2,2,NA,NA,1649098132,NA,NA,1,NA,NA,NA,NA,NA,NA,NA,NA,NA,7,6,8,5,NA,4,1,3,2,4971dc7f78
2022-04-04T20:24:09Z,2022-04-04T20:30:19Z,IP Address,*******,100,370,TRUE,2022-04-04T20:30:19Z,R_1fZaiOxhO1cVT3s,*******,*******,*******,*******,*******,*******,anonymous,EN,"Yes, I agree to participate in this study.",1,1,1,1,2,2,2,2,2,NA,NA,NA,NA,NA,NA,NA,NA,NA,NA,NA,NA,NA,NA,NA,NA,NA,NA,NA,NA,NA,NA,NA,NA,NA,NA,NA,NA,NA,NA,NA,NA,NA,NA,NA,NA,NA,NA,NA,NA,NA,NA,NA,NA,NA,NA,NA,NA,NA,NA,NA,NA,NA,NA,NA,NA,NA,NA,NA,NA,NA,NA,NA,NA,NA,NA,NA,NA,NA,NA,NA,NA,NA,NA,NA,NA,NA,NA,NA,NA,NA,NA,NA,NA,NA,NA,NA,NA,NA,NA,NA,NA,NA,NA,NA,NA,NA,NA,NA,NA,NA,1,1,1,1,1,1,1,2,2,2,2,2,2,1,1,1,1,1,2,2,2,2,1,1,1,2,2,1,1,1,1,1,1,1,1,1,2,2,2,2,2,2,2,2,1,1,1,2,2,1,1,1,1,1,2,2,2,2,1,1,1,1,1,1,1,1,1,2,2,2,2,2,2,2,2,NA,NA,NA,NA,NA,NA,NA,NA,NA,NA,NA,NA,NA,NA,NA,NA,NA,NA,NA,1649098132,NA,NA,1,NA,NA,NA,NA,NA,NA,NA,NA,NA,7,6,NA,5,8,4,1,3,2,1e48fccc6a
2022-04-04T20:24:27Z,2022-04-04T20:31:26Z,IP Address,*******,100,419,TRUE,2022-04-04T20:31:26Z,R_3HIhZYvZn9hcoen,*******,*******,*******,*******,*******,*******,anonymous,EN,"Yes, I agree to participate in this study.",1,1,1,1,2,2,2,2,2,NA,NA,NA,NA,NA,NA,NA,NA,NA,1,1,1,1,2,2,2,2,2,2,2,2,2,1,1,2,2,2,2,2,2,2,1,1,1,1,1,1,1,1,1,1,1,1,1,2,2,2,2,2,2,2,2,2,2,2,2,2,2,1,1,1,1,2,2,2,2,2,1,1,1,1,2,2,2,2,2,2,2,2,2,2,2,2,2,NA,NA,NA,NA,NA,NA,NA,NA,NA,NA,NA,NA,NA,NA,NA,NA,NA,NA,NA,NA,NA,NA,NA,NA,NA,NA,NA,NA,NA,NA,NA,NA,NA,NA,NA,NA,NA,NA,NA,NA,NA,NA,NA,NA,NA,NA,NA,NA,NA,NA,NA,NA,NA,NA,NA,NA,NA,NA,NA,NA,NA,NA,NA,NA,NA,NA,NA,NA,NA,NA,NA,NA,NA,NA,NA,NA,NA,NA,NA,NA,NA,NA,NA,NA,NA,NA,NA,NA,NA,NA,NA,NA,NA,NA,NA,NA,NA,NA,NA,NA,NA,NA,NA,NA,NA,NA,NA,NA,NA,NA,NA,1649098132,NA,1,NA,NA,6,7,4,1,2,3,5,8,NA,NA,NA,NA,NA,NA,NA,NA,NA,9a859e1ac0
2022-04-04T20:26:39Z,2022-04-04T20:31:59Z,IP Address,*******,100,319,TRUE,2022-04-04T20:31:59Z,R_2eVE3iJsYB2bfvf,*******,*******,*******,*******,*******,*******,anonymous,EN,"Yes, I agree to participate in this study.",1,1,1,1,2,2,2,2,2,NA,NA,NA,NA,NA,NA,NA,NA,NA,1,1,1,1,1,1,2,2,2,2,2,2,2,1,1,1,1,1,2,2,2,2,1,1,2,2,2,1,1,1,1,1,1,1,1,2,2,2,2,2,2,2,2,2,1,1,1,1,1,1,1,1,1,1,1,2,2,2,1,1,1,1,1,1,1,1,1,1,2,2,2,2,2,2,2,NA,NA,NA,NA,NA,NA,NA,NA,NA,NA,NA,NA,NA,NA,NA,NA,NA,NA,NA,NA,NA,NA,NA,NA,NA,NA,NA,NA,NA,NA,NA,NA,NA,NA,NA,NA,NA,NA,NA,NA,NA,NA,NA,NA,NA,NA,NA,NA,NA,NA,NA,NA,NA,NA,NA,NA,NA,NA,NA,NA,NA,NA,NA,NA,NA,NA,NA,NA,NA,NA,NA,NA,NA,NA,NA,NA,NA,NA,NA,NA,NA,NA,NA,NA,NA,NA,NA,NA,NA,NA,NA,NA,NA,NA,NA,NA,NA,NA,NA,NA,NA,NA,NA,NA,NA,NA,NA,NA,NA,NA,NA,1649098132,NA,1,NA,NA,6,7,4,1,2,3,5,8,NA,NA,NA,NA,NA,NA,NA,NA,NA,814834147c
2022-04-04T20:12:52Z,2022-04-04T20:33:16Z,IP Address,*******,100,1223,TRUE,2022-04-04T20:33:17Z,R_031LsZ64G6byEmt,*******,*******,*******,*******,*******,*******,anonymous,EN,"Yes, I agree to participate in this study.",1,1,1,1,2,2,2,2,2,NA,NA,NA,NA,NA,NA,NA,NA,NA,NA,NA,NA,NA,NA,NA,NA,NA,NA,NA,NA,NA,NA,NA,NA,NA,NA,NA,NA,NA,NA,NA,NA,NA,NA,NA,NA,NA,NA,NA,NA,NA,NA,NA,NA,NA,NA,NA,NA,NA,NA,NA,NA,NA,NA,NA,NA,NA,NA,NA,NA,NA,NA,NA,NA,NA,NA,NA,NA,NA,NA,NA,NA,NA,NA,NA,NA,NA,NA,NA,NA,NA,NA,NA,NA,NA,NA,NA,NA,NA,NA,NA,NA,NA,NA,NA,NA,NA,NA,NA,NA,NA,1,1,1,1,1,1,1,2,2,2,2,2,2,1,1,1,1,2,2,2,2,2,1,1,2,2,2,1,1,1,1,1,2,2,2,2,2,2,2,2,2,2,2,2,1,2,2,2,2,1,1,1,1,2,2,2,2,2,NA,NA,NA,NA,NA,NA,NA,NA,NA,NA,NA,NA,NA,NA,NA,NA,NA,1,1,1,1,1,2,2,2,2,2,2,2,2,2,2,2,2,NA,NA,1649098132,NA,NA,1,NA,NA,NA,NA,NA,NA,NA,NA,NA,7,6,8,5,NA,4,1,3,2,24d1dceec7
2022-04-04T20:31:30Z,2022-04-04T20:33:19Z,IP Address,*******,100,108,TRUE,2022-04-04T20:33:20Z,R_CfqClFUXonlfz1L,*******,*******,*******,*******,*******,*******,anonymous,EN,"Yes, I agree to participate in this study.",1,1,1,1,2,2,2,2,2,NA,NA,NA,NA,NA,NA,NA,NA,NA,1,1,1,1,1,1,2,2,2,2,2,2,2,1,1,1,1,1,2,2,2,2,1,1,1,2,2,1,1,1,1,2,2,2,2,2,2,2,2,2,2,2,2,2,1,1,1,2,2,1,1,1,1,2,2,2,2,2,NA,NA,NA,NA,NA,NA,NA,NA,NA,NA,NA,NA,NA,NA,NA,NA,NA,1,1,1,1,1,1,2,2,2,2,2,2,2,2,2,2,2,NA,NA,NA,NA,NA,NA,NA,NA,NA,NA,NA,NA,NA,NA,NA,NA,NA,NA,NA,NA,NA,NA,NA,NA,NA,NA,NA,NA,NA,NA,NA,NA,NA,NA,NA,NA,NA,NA,NA,NA,NA,NA,NA,NA,NA,NA,NA,NA,NA,NA,NA,NA,NA,NA,NA,NA,NA,NA,NA,NA,NA,NA,NA,NA,NA,NA,NA,NA,NA,NA,NA,NA,NA,NA,NA,NA,NA,NA,NA,NA,NA,NA,NA,NA,NA,NA,NA,NA,NA,NA,NA,NA,no,NA,1649098132,NA,1,NA,8,6,7,4,1,2,3,5,NA,NA,NA,NA,NA,NA,NA,NA,NA,NA,8190717047
2022-04-04T20:22:34Z,2022-04-04T20:33:27Z,IP Address,*******,100,652,TRUE,2022-04-04T20:33:28Z,R_27j9Ff2gdKdw3qr,*******,*******,*******,*******,*******,*******,anonymous,EN,"Yes, I agree to participate in this study.",1,1,1,1,2,2,2,2,2,NA,NA,NA,NA,NA,NA,NA,NA,NA,1,2,2,2,2,2,2,2,2,2,2,2,2,1,2,2,2,2,2,2,2,2,1,2,2,2,2,1,2,2,2,2,2,2,2,2,2,2,2,2,2,2,2,2,1,2,2,2,2,1,2,2,2,2,2,2,2,2,NA,NA,NA,NA,NA,NA,NA,NA,NA,NA,NA,NA,NA,NA,NA,NA,NA,1,2,2,2,2,2,2,2,2,2,2,2,2,2,2,2,2,NA,NA,NA,NA,NA,NA,NA,NA,NA,NA,NA,NA,NA,NA,NA,NA,NA,NA,NA,NA,NA,NA,NA,NA,NA,NA,NA,NA,NA,NA,NA,NA,NA,NA,NA,NA,NA,NA,NA,NA,NA,NA,NA,NA,NA,NA,NA,NA,NA,NA,NA,NA,NA,NA,NA,NA,NA,NA,NA,NA,NA,NA,NA,NA,NA,NA,NA,NA,NA,NA,NA,NA,NA,NA,NA,NA,NA,NA,NA,NA,NA,NA,NA,NA,NA,NA,NA,NA,NA,NA,NA,NA,np,not sure really,1649098132,NA,1,NA,8,6,7,4,1,2,3,5,NA,NA,NA,NA,NA,NA,NA,NA,NA,NA,b555d32700
2022-04-04T20:31:53Z,2022-04-04T20:33:47Z,IP Address,*******,100,113,TRUE,2022-04-04T20:33:48Z,R_2DTuGr3IGRO9uIS,*******,*******,*******,*******,*******,*******,anonymous,EN,"Yes, I agree to participate in this study.",2,2,2,2,2,2,2,2,2,1,1,1,1,1,1,1,1,2,NA,NA,NA,NA,NA,NA,NA,NA,NA,NA,NA,NA,NA,NA,NA,NA,NA,NA,NA,NA,NA,NA,NA,NA,NA,NA,NA,NA,NA,NA,NA,NA,NA,NA,NA,NA,NA,NA,NA,NA,NA,NA,NA,NA,NA,NA,NA,NA,NA,NA,NA,NA,NA,NA,NA,NA,NA,NA,NA,NA,NA,NA,NA,NA,NA,NA,NA,NA,NA,NA,NA,NA,NA,NA,NA,NA,NA,NA,NA,NA,NA,NA,NA,NA,NA,NA,NA,NA,NA,NA,NA,NA,1,1,1,1,1,1,1,1,1,2,2,2,2,2,2,2,2,2,2,2,2,2,2,2,2,2,2,2,2,2,2,2,2,2,2,2,2,2,2,2,2,2,2,2,2,2,2,2,2,2,2,2,2,2,2,2,2,2,NA,NA,NA,NA,NA,NA,NA,NA,NA,NA,NA,NA,NA,NA,NA,NA,NA,2,2,2,2,2,2,2,2,2,2,2,2,2,2,2,2,2,NA,NA,1649098132,NA,NA,1,NA,NA,NA,NA,NA,NA,NA,NA,NA,7,6,8,5,NA,4,1,3,2,ccf048c499
2022-04-04T20:28:02Z,2022-04-04T20:34:13Z,IP Address,*******,100,370,TRUE,2022-04-04T20:34:13Z,R_3Q1UFOA2Rgd3mlb,*******,*******,*******,*******,*******,*******,anonymous,EN,"Yes, I agree to participate in this study.",1,1,1,1,2,2,2,2,2,NA,NA,NA,NA,NA,NA,NA,NA,NA,NA,NA,NA,NA,NA,NA,NA,NA,NA,NA,NA,NA,NA,NA,NA,NA,NA,NA,NA,NA,NA,NA,NA,NA,NA,NA,NA,NA,NA,NA,NA,NA,NA,NA,NA,NA,NA,NA,NA,NA,NA,NA,NA,NA,NA,NA,NA,NA,NA,NA,NA,NA,NA,NA,NA,NA,NA,NA,NA,NA,NA,NA,NA,NA,NA,NA,NA,NA,NA,NA,NA,NA,NA,NA,NA,NA,NA,NA,NA,NA,NA,NA,NA,NA,NA,NA,NA,NA,NA,NA,NA,NA,1,1,1,1,2,2,2,2,2,2,2,2,2,1,1,1,1,2,2,2,2,2,1,1,1,2,2,1,1,1,1,1,1,1,2,2,2,2,2,2,2,2,2,2,1,1,1,2,2,1,1,1,1,1,2,2,2,2,NA,NA,NA,NA,NA,NA,NA,NA,NA,NA,NA,NA,NA,NA,NA,NA,NA,1,1,1,1,1,1,1,2,2,2,2,2,2,2,2,2,2,All clear,NA,1649098132,NA,NA,1,NA,NA,NA,NA,NA,NA,NA,NA,NA,7,6,8,5,NA,4,1,3,2,415f8e1c33
2022-04-04T20:33:43Z,2022-04-04T20:35:30Z,IP Address,*******,100,106,TRUE,2022-04-04T20:35:30Z,R_8jFqtxSRpIfp345,*******,*******,*******,*******,*******,*******,anonymous,EN,"Yes, I agree to participate in this study.",1,1,1,1,2,2,2,2,2,NA,NA,NA,NA,NA,NA,NA,NA,NA,NA,NA,NA,NA,NA,NA,NA,NA,NA,NA,NA,NA,NA,NA,NA,NA,NA,NA,NA,NA,NA,NA,NA,NA,NA,NA,NA,NA,NA,NA,NA,NA,NA,NA,NA,NA,NA,NA,NA,NA,NA,NA,NA,NA,NA,NA,NA,NA,NA,NA,NA,NA,NA,NA,NA,NA,NA,NA,NA,NA,NA,NA,NA,NA,NA,NA,NA,NA,NA,NA,NA,NA,NA,NA,NA,NA,NA,NA,NA,NA,NA,NA,NA,NA,NA,NA,NA,NA,NA,NA,NA,NA,1,1,1,1,1,1,2,2,2,2,2,2,2,1,1,1,1,2,2,2,2,2,1,1,2,2,2,1,1,1,1,1,1,1,1,2,2,2,2,2,2,2,2,2,1,1,2,2,2,1,1,1,1,2,2,2,2,2,1,1,1,1,1,1,1,1,2,2,2,2,2,2,2,2,2,NA,NA,NA,NA,NA,NA,NA,NA,NA,NA,NA,NA,NA,NA,NA,NA,NA,NA,NA,1649098132,NA,NA,1,NA,NA,NA,NA,NA,NA,NA,NA,NA,7,6,NA,5,8,4,1,3,2,36640b4c72
2022-04-04T20:31:54Z,2022-04-04T20:36:20Z,IP Address,*******,100,266,TRUE,2022-04-04T20:36:21Z,R_3lFGrVT1BSVstUw,*******,*******,*******,*******,*******,*******,anonymous,EN,"Yes, I agree to participate in this study.",2,2,2,2,2,2,2,2,2,1,1,1,1,2,2,2,2,2,NA,NA,NA,NA,NA,NA,NA,NA,NA,NA,NA,NA,NA,NA,NA,NA,NA,NA,NA,NA,NA,NA,NA,NA,NA,NA,NA,NA,NA,NA,NA,NA,NA,NA,NA,NA,NA,NA,NA,NA,NA,NA,NA,NA,NA,NA,NA,NA,NA,NA,NA,NA,NA,NA,NA,NA,NA,NA,NA,NA,NA,NA,NA,NA,NA,NA,NA,NA,NA,NA,NA,NA,NA,NA,NA,NA,NA,NA,NA,NA,NA,NA,NA,NA,NA,NA,NA,NA,NA,NA,NA,NA,2,2,2,2,2,2,2,2,2,2,2,2,2,2,2,2,2,2,2,2,2,2,2,2,2,2,2,2,2,2,2,2,2,2,2,2,2,2,2,2,2,2,2,2,2,2,2,2,2,2,2,2,2,2,2,2,2,2,2,2,2,2,2,2,2,2,2,2,2,2,2,2,2,2,2,NA,NA,NA,NA,NA,NA,NA,NA,NA,NA,NA,NA,NA,NA,NA,NA,NA,Entire study was unclear. I just placed it to the same so I never risked getting zero.,"Same as all the others, I don't understand why you even asked. I could end up with nothing if I chose heads and it landed tails, so why wouldn't I take the guaranteed money",1649098132,NA,NA,1,NA,NA,NA,NA,NA,NA,NA,NA,NA,7,6,NA,5,8,4,1,3,2,a639a36312
2022-04-04T20:34:03Z,2022-04-04T20:36:44Z,IP Address,*******,100,160,TRUE,2022-04-04T20:36:44Z,R_DAZVzfOmznd85kl,*******,*******,*******,*******,*******,*******,anonymous,EN,"Yes, I agree to participate in this study.",1,1,1,1,2,2,2,2,2,NA,NA,NA,NA,NA,NA,NA,NA,NA,1,1,1,1,1,1,2,2,2,2,2,2,2,1,1,1,1,2,2,2,2,2,1,1,2,2,2,1,1,1,1,1,1,2,2,2,2,2,2,2,2,2,2,2,1,1,2,2,2,1,1,1,1,2,2,2,2,2,NA,NA,NA,NA,NA,NA,NA,NA,NA,NA,NA,NA,NA,NA,NA,NA,NA,1,1,1,1,1,1,1,1,2,2,2,2,2,2,2,2,2,NA,NA,NA,NA,NA,NA,NA,NA,NA,NA,NA,NA,NA,NA,NA,NA,NA,NA,NA,NA,NA,NA,NA,NA,NA,NA,NA,NA,NA,NA,NA,NA,NA,NA,NA,NA,NA,NA,NA,NA,NA,NA,NA,NA,NA,NA,NA,NA,NA,NA,NA,NA,NA,NA,NA,NA,NA,NA,NA,NA,NA,NA,NA,NA,NA,NA,NA,NA,NA,NA,NA,NA,NA,NA,NA,NA,NA,NA,NA,NA,NA,NA,NA,NA,NA,NA,NA,NA,NA,NA,NA,NA,NA,NA,1649098132,NA,1,NA,8,6,7,4,1,2,3,5,NA,NA,NA,NA,NA,NA,NA,NA,NA,NA,e29308d3e8
2022-04-04T20:28:30Z,2022-04-04T20:37:01Z,IP Address,*******,100,511,TRUE,2022-04-04T20:37:02Z,R_2w66tIeEJ21VZB5,*******,*******,*******,*******,*******,*******,anonymous,EN,"Yes, I agree to participate in this study.",1,1,1,1,2,2,2,2,2,NA,NA,NA,NA,NA,NA,NA,NA,NA,1,1,1,1,1,1,1,2,2,2,2,2,2,1,1,1,1,1,2,2,2,2,1,1,2,2,2,1,1,1,1,1,1,1,1,2,2,2,2,2,2,2,2,2,1,1,2,2,2,1,1,1,1,1,2,2,2,2,1,1,1,1,1,1,1,2,2,2,2,2,2,2,2,2,2,NA,NA,NA,NA,NA,NA,NA,NA,NA,NA,NA,NA,NA,NA,NA,NA,NA,NA,NA,NA,NA,NA,NA,NA,NA,NA,NA,NA,NA,NA,NA,NA,NA,NA,NA,NA,NA,NA,NA,NA,NA,NA,NA,NA,NA,NA,NA,NA,NA,NA,NA,NA,NA,NA,NA,NA,NA,NA,NA,NA,NA,NA,NA,NA,NA,NA,NA,NA,NA,NA,NA,NA,NA,NA,NA,NA,NA,NA,NA,NA,NA,NA,NA,NA,NA,NA,NA,NA,NA,NA,NA,NA,NA,NA,NA,NA,NA,NA,NA,NA,NA,NA,NA,NA,NA,NA,NA,NA,NA,Nothing was unclear; I was able to understand everything. I sure wish I could pick between lotteries like that in real life!,NA,1649083613,NA,1,NA,NA,6,7,4,1,2,3,5,8,NA,NA,NA,NA,NA,NA,NA,NA,NA,9252cc226e
2022-04-04T20:32:37Z,2022-04-04T20:37:13Z,IP Address,*******,100,276,TRUE,2022-04-04T20:37:14Z,R_1nMWWS6SF4PC87x,*******,*******,*******,*******,*******,*******,anonymous,EN,"Yes, I agree to participate in this study.",1,1,1,1,2,2,2,2,2,NA,NA,NA,NA,NA,NA,NA,NA,NA,NA,NA,NA,NA,NA,NA,NA,NA,NA,NA,NA,NA,NA,NA,NA,NA,NA,NA,NA,NA,NA,NA,NA,NA,NA,NA,NA,NA,NA,NA,NA,NA,NA,NA,NA,NA,NA,NA,NA,NA,NA,NA,NA,NA,NA,NA,NA,NA,NA,NA,NA,NA,NA,NA,NA,NA,NA,NA,NA,NA,NA,NA,NA,NA,NA,NA,NA,NA,NA,NA,NA,NA,NA,NA,NA,NA,NA,NA,NA,NA,NA,NA,NA,NA,NA,NA,NA,NA,NA,NA,NA,NA,1,1,1,1,1,2,2,2,2,2,2,2,2,1,1,1,1,2,2,2,2,2,1,1,1,2,2,1,1,1,1,1,1,1,1,1,2,2,2,2,2,2,2,2,1,1,1,1,2,1,1,1,1,1,2,2,2,2,NA,NA,NA,NA,NA,NA,NA,NA,NA,NA,NA,NA,NA,NA,NA,NA,NA,1,1,1,1,1,1,2,2,2,2,2,2,2,2,2,2,2,NA,NA,1649098132,NA,NA,1,NA,NA,NA,NA,NA,NA,NA,NA,NA,7,6,8,5,NA,4,1,3,2,a8e7cf0a52
2022-04-04T20:35:18Z,2022-04-04T20:39:04Z,IP Address,*******,100,226,TRUE,2022-04-04T20:39:05Z,R_a4PLK7APTvgt6N3,*******,*******,*******,*******,*******,*******,anonymous,EN,"Yes, I agree to participate in this study.",1,1,1,1,2,2,2,2,2,NA,NA,NA,NA,NA,NA,NA,NA,NA,1,1,1,1,1,1,2,2,2,2,2,2,2,1,1,1,1,2,2,2,2,2,1,1,1,1,2,1,1,1,1,1,1,1,1,2,2,2,2,2,2,2,2,2,1,1,2,2,2,1,1,1,1,1,1,2,2,2,1,1,1,1,1,1,1,1,1,1,1,2,2,2,2,2,2,NA,NA,NA,NA,NA,NA,NA,NA,NA,NA,NA,NA,NA,NA,NA,NA,NA,NA,NA,NA,NA,NA,NA,NA,NA,NA,NA,NA,NA,NA,NA,NA,NA,NA,NA,NA,NA,NA,NA,NA,NA,NA,NA,NA,NA,NA,NA,NA,NA,NA,NA,NA,NA,NA,NA,NA,NA,NA,NA,NA,NA,NA,NA,NA,NA,NA,NA,NA,NA,NA,NA,NA,NA,NA,NA,NA,NA,NA,NA,NA,NA,NA,NA,NA,NA,NA,NA,NA,NA,NA,NA,NA,NA,NA,NA,NA,NA,NA,NA,NA,NA,NA,NA,NA,NA,NA,NA,NA,NA,NA,NA,1649098132,NA,1,NA,NA,6,7,4,1,2,3,5,8,NA,NA,NA,NA,NA,NA,NA,NA,NA,8dacc481a1
2022-04-04T20:36:06Z,2022-04-04T20:39:27Z,IP Address,*******,100,201,TRUE,2022-04-04T20:39:27Z,R_3ltSfhiczVuGc0h,*******,*******,*******,*******,*******,*******,anonymous,EN,"Yes, I agree to participate in this study.",1,1,1,1,1,2,2,2,2,1,1,1,1,2,2,2,2,2,1,1,1,1,1,1,1,1,1,2,2,2,2,1,1,1,2,2,2,2,2,2,1,1,1,1,1,1,1,1,1,1,1,1,1,1,2,2,2,2,2,2,2,2,1,1,1,1,1,1,1,1,1,1,2,2,2,2,1,1,1,1,1,2,2,2,2,2,2,2,2,2,2,2,2,NA,NA,NA,NA,NA,NA,NA,NA,NA,NA,NA,NA,NA,NA,NA,NA,NA,NA,NA,NA,NA,NA,NA,NA,NA,NA,NA,NA,NA,NA,NA,NA,NA,NA,NA,NA,NA,NA,NA,NA,NA,NA,NA,NA,NA,NA,NA,NA,NA,NA,NA,NA,NA,NA,NA,NA,NA,NA,NA,NA,NA,NA,NA,NA,NA,NA,NA,NA,NA,NA,NA,NA,NA,NA,NA,NA,NA,NA,NA,NA,NA,NA,NA,NA,NA,NA,NA,NA,NA,NA,NA,NA,NA,NA,NA,NA,NA,NA,NA,NA,NA,NA,NA,NA,NA,NA,NA,NA,NA,NA,NA,1649098132,NA,1,NA,NA,6,7,4,1,2,3,5,8,NA,NA,NA,NA,NA,NA,NA,NA,NA,a3addbb83a
2022-04-04T20:35:00Z,2022-04-04T20:40:21Z,IP Address,*******,100,321,TRUE,2022-04-04T20:40:21Z,R_2XdkWm6xWyy927L,*******,*******,*******,*******,*******,*******,anonymous,EN,"Yes, I agree to participate in this study.",1,1,1,1,2,2,2,2,2,NA,NA,NA,NA,NA,NA,NA,NA,NA,NA,NA,NA,NA,NA,NA,NA,NA,NA,NA,NA,NA,NA,NA,NA,NA,NA,NA,NA,NA,NA,NA,NA,NA,NA,NA,NA,NA,NA,NA,NA,NA,NA,NA,NA,NA,NA,NA,NA,NA,NA,NA,NA,NA,NA,NA,NA,NA,NA,NA,NA,NA,NA,NA,NA,NA,NA,NA,NA,NA,NA,NA,NA,NA,NA,NA,NA,NA,NA,NA,NA,NA,NA,NA,NA,NA,NA,NA,NA,NA,NA,NA,NA,NA,NA,NA,NA,NA,NA,NA,NA,NA,1,1,1,1,1,2,2,2,2,2,2,2,2,1,1,1,1,2,2,2,2,2,1,1,2,2,2,1,1,1,1,1,1,1,2,2,2,2,2,2,2,2,2,2,1,2,2,2,2,1,1,1,1,2,2,2,2,2,1,1,1,1,1,1,1,2,2,2,2,2,2,2,2,2,2,NA,NA,NA,NA,NA,NA,NA,NA,NA,NA,NA,NA,NA,NA,NA,NA,NA,NA,Good,1649098132,NA,NA,1,NA,NA,NA,NA,NA,NA,NA,NA,NA,7,6,NA,5,8,4,1,3,2,12725df913
2022-04-04T20:35:04Z,2022-04-04T20:40:23Z,IP Address,*******,100,318,TRUE,2022-04-04T20:40:23Z,R_2TLW4lV92XDNXhp,*******,*******,*******,*******,*******,*******,anonymous,EN,"Yes, I agree to participate in this study.",1,1,1,1,2,2,2,2,2,NA,NA,NA,NA,NA,NA,NA,NA,NA,NA,NA,NA,NA,NA,NA,NA,NA,NA,NA,NA,NA,NA,NA,NA,NA,NA,NA,NA,NA,NA,NA,NA,NA,NA,NA,NA,NA,NA,NA,NA,NA,NA,NA,NA,NA,NA,NA,NA,NA,NA,NA,NA,NA,NA,NA,NA,NA,NA,NA,NA,NA,NA,NA,NA,NA,NA,NA,NA,NA,NA,NA,NA,NA,NA,NA,NA,NA,NA,NA,NA,NA,NA,NA,NA,NA,NA,NA,NA,NA,NA,NA,NA,NA,NA,NA,NA,NA,NA,NA,NA,NA,1,1,1,1,1,1,1,2,2,2,2,2,2,1,1,1,1,1,2,2,2,2,1,1,1,2,2,1,1,1,1,1,1,1,1,1,1,2,2,2,2,2,2,2,1,1,2,2,2,1,1,1,1,2,2,2,2,2,NA,NA,NA,NA,NA,NA,NA,NA,NA,NA,NA,NA,NA,NA,NA,NA,NA,1,1,1,1,1,1,1,1,2,2,2,2,2,2,2,2,2,NA,NA,1649098132,NA,NA,1,NA,NA,NA,NA,NA,NA,NA,NA,NA,7,6,8,5,NA,4,1,3,2,e9e9b62abd
2022-04-04T20:37:19Z,2022-04-04T20:40:33Z,IP Address,*******,100,194,TRUE,2022-04-04T20:40:33Z,R_1jy8K1AKxqK8sV6,*******,*******,*******,*******,*******,*******,anonymous,EN,"Yes, I agree to participate in this study.",1,1,1,1,2,2,2,2,2,NA,NA,NA,NA,NA,NA,NA,NA,NA,NA,NA,NA,NA,NA,NA,NA,NA,NA,NA,NA,NA,NA,NA,NA,NA,NA,NA,NA,NA,NA,NA,NA,NA,NA,NA,NA,NA,NA,NA,NA,NA,NA,NA,NA,NA,NA,NA,NA,NA,NA,NA,NA,NA,NA,NA,NA,NA,NA,NA,NA,NA,NA,NA,NA,NA,NA,NA,NA,NA,NA,NA,NA,NA,NA,NA,NA,NA,NA,NA,NA,NA,NA,NA,NA,NA,NA,NA,NA,NA,NA,NA,NA,NA,NA,NA,NA,NA,NA,NA,NA,NA,1,1,1,1,1,1,1,1,1,1,1,1,1,1,1,1,1,1,1,1,1,1,1,1,1,1,1,1,1,1,1,1,1,1,1,1,1,1,1,1,1,1,1,1,1,1,2,2,2,1,1,1,1,1,1,1,1,1,NA,NA,NA,NA,NA,NA,NA,NA,NA,NA,NA,NA,NA,NA,NA,NA,NA,1,1,1,1,1,1,1,1,1,1,1,1,1,1,1,1,1,NA,NA,1649098132,NA,NA,1,NA,NA,NA,NA,NA,NA,NA,NA,NA,7,6,8,5,NA,4,1,3,2,1b840ff90a
2022-04-04T20:37:07Z,2022-04-04T20:41:56Z,IP Address,*******,100,288,TRUE,2022-04-04T20:41:56Z,R_2y3pHAu4mhAirxE,*******,*******,*******,*******,*******,*******,anonymous,EN,"Yes, I agree to participate in this study.",1,1,1,1,2,2,2,2,2,NA,NA,NA,NA,NA,NA,NA,NA,NA,1,1,1,1,1,1,2,2,2,2,2,2,2,1,1,1,1,1,2,2,2,2,1,1,1,2,2,1,1,1,1,1,1,1,1,1,1,1,2,2,2,2,2,2,1,1,1,2,2,1,1,1,1,1,2,2,2,2,NA,NA,NA,NA,NA,NA,NA,NA,NA,NA,NA,NA,NA,NA,NA,NA,NA,1,1,1,1,1,1,1,1,1,2,2,2,2,2,2,2,2,NA,NA,NA,NA,NA,NA,NA,NA,NA,NA,NA,NA,NA,NA,NA,NA,NA,NA,NA,NA,NA,NA,NA,NA,NA,NA,NA,NA,NA,NA,NA,NA,NA,NA,NA,NA,NA,NA,NA,NA,NA,NA,NA,NA,NA,NA,NA,NA,NA,NA,NA,NA,NA,NA,NA,NA,NA,NA,NA,NA,NA,NA,NA,NA,NA,NA,NA,NA,NA,NA,NA,NA,NA,NA,NA,NA,NA,NA,NA,NA,NA,NA,NA,NA,NA,NA,NA,NA,NA,NA,NA,NA,NA,I liked the extra gamble,1649098132,NA,1,NA,8,6,7,4,1,2,3,5,NA,NA,NA,NA,NA,NA,NA,NA,NA,NA,019056ba0a
2022-04-04T20:36:13Z,2022-04-04T20:42:02Z,IP Address,*******,100,348,TRUE,2022-04-04T20:42:02Z,R_32PDEqb0GSsZGVx,*******,*******,*******,*******,*******,*******,anonymous,EN,"Yes, I agree to participate in this study.",1,1,1,1,2,2,2,2,2,NA,NA,NA,NA,NA,NA,NA,NA,NA,1,1,1,1,2,2,2,2,2,2,2,2,2,1,1,1,1,2,2,2,2,2,1,1,2,2,2,1,1,1,1,1,1,2,2,2,2,2,2,2,2,2,2,2,1,1,1,2,2,1,1,1,1,2,2,2,2,2,1,1,1,1,2,2,2,2,2,2,2,2,2,2,2,2,2,NA,NA,NA,NA,NA,NA,NA,NA,NA,NA,NA,NA,NA,NA,NA,NA,NA,NA,NA,NA,NA,NA,NA,NA,NA,NA,NA,NA,NA,NA,NA,NA,NA,NA,NA,NA,NA,NA,NA,NA,NA,NA,NA,NA,NA,NA,NA,NA,NA,NA,NA,NA,NA,NA,NA,NA,NA,NA,NA,NA,NA,NA,NA,NA,NA,NA,NA,NA,NA,NA,NA,NA,NA,NA,NA,NA,NA,NA,NA,NA,NA,NA,NA,NA,NA,NA,NA,NA,NA,NA,NA,NA,NA,NA,NA,NA,NA,NA,NA,NA,NA,NA,NA,NA,NA,NA,NA,NA,NA,NA,NA,1649098132,NA,1,NA,NA,6,7,4,1,2,3,5,8,NA,NA,NA,NA,NA,NA,NA,NA,NA,e1a1f35056
2022-04-04T20:33:17Z,2022-04-04T20:42:44Z,IP Address,*******,100,566,TRUE,2022-04-04T20:42:44Z,R_2tcm11Gittwg7OO,*******,*******,*******,*******,*******,*******,anonymous,EN,"Yes, I agree to participate in this study.",1,1,1,1,2,2,2,2,2,NA,NA,NA,NA,NA,NA,NA,NA,NA,1,1,1,1,1,2,2,2,2,2,2,2,2,1,1,1,1,2,2,2,2,2,1,1,1,2,2,1,1,1,1,1,1,1,1,1,1,1,1,1,2,2,2,2,1,2,2,2,2,1,1,1,1,2,2,2,2,2,NA,NA,NA,NA,NA,NA,NA,NA,NA,NA,NA,NA,NA,NA,NA,NA,NA,1,1,2,2,2,2,2,2,2,2,2,2,2,2,2,2,2,NA,NA,NA,NA,NA,NA,NA,NA,NA,NA,NA,NA,NA,NA,NA,NA,NA,NA,NA,NA,NA,NA,NA,NA,NA,NA,NA,NA,NA,NA,NA,NA,NA,NA,NA,NA,NA,NA,NA,NA,NA,NA,NA,NA,NA,NA,NA,NA,NA,NA,NA,NA,NA,NA,NA,NA,NA,NA,NA,NA,NA,NA,NA,NA,NA,NA,NA,NA,NA,NA,NA,NA,NA,NA,NA,NA,NA,NA,NA,NA,NA,NA,NA,NA,NA,NA,NA,NA,NA,NA,NA,NA,NA,"Bit awkward! But a sensible question, given that you're trying to get the best results.",1649098132,NA,1,NA,8,6,7,4,1,2,3,5,NA,NA,NA,NA,NA,NA,NA,NA,NA,NA,49da5bb2eb
2022-04-04T20:38:03Z,2022-04-04T20:42:52Z,IP Address,*******,100,288,TRUE,2022-04-04T20:42:53Z,R_3F4ZpLIyJSmyW1w,*******,*******,*******,*******,*******,*******,anonymous,EN,"Yes, I agree to participate in this study.",1,1,1,2,2,2,2,2,2,1,1,1,2,2,2,2,2,2,NA,NA,NA,NA,NA,NA,NA,NA,NA,NA,NA,NA,NA,NA,NA,NA,NA,NA,NA,NA,NA,NA,NA,NA,NA,NA,NA,NA,NA,NA,NA,NA,NA,NA,NA,NA,NA,NA,NA,NA,NA,NA,NA,NA,NA,NA,NA,NA,NA,NA,NA,NA,NA,NA,NA,NA,NA,NA,NA,NA,NA,NA,NA,NA,NA,NA,NA,NA,NA,NA,NA,NA,NA,NA,NA,NA,NA,NA,NA,NA,NA,NA,NA,NA,NA,NA,NA,NA,NA,NA,NA,NA,1,1,1,1,1,1,1,2,2,2,2,2,2,1,1,1,1,1,2,2,2,2,1,1,2,2,2,1,1,1,1,1,1,1,1,2,2,2,2,2,2,2,2,2,1,1,2,2,2,1,1,1,1,2,2,2,2,2,1,1,1,1,1,1,1,1,1,2,2,2,2,2,2,2,2,NA,NA,NA,NA,NA,NA,NA,NA,NA,NA,NA,NA,NA,NA,NA,NA,NA,NA,It felt like a bigger gamble,1649098132,NA,NA,1,NA,NA,NA,NA,NA,NA,NA,NA,NA,7,6,NA,5,8,4,1,3,2,c0de7cfec9
2022-04-04T20:35:41Z,2022-04-04T20:46:33Z,IP Address,*******,100,652,TRUE,2022-04-04T20:46:34Z,R_TdQ9kixg8EZ7oPv,*******,*******,*******,*******,*******,*******,anonymous,EN,"Yes, I agree to participate in this study.",1,1,1,1,1,2,2,2,2,1,1,1,1,1,1,1,1,2,NA,NA,NA,NA,NA,NA,NA,NA,NA,NA,NA,NA,NA,NA,NA,NA,NA,NA,NA,NA,NA,NA,NA,NA,NA,NA,NA,NA,NA,NA,NA,NA,NA,NA,NA,NA,NA,NA,NA,NA,NA,NA,NA,NA,NA,NA,NA,NA,NA,NA,NA,NA,NA,NA,NA,NA,NA,NA,NA,NA,NA,NA,NA,NA,NA,NA,NA,NA,NA,NA,NA,NA,NA,NA,NA,NA,NA,NA,NA,NA,NA,NA,NA,NA,NA,NA,NA,NA,NA,NA,NA,NA,1,1,1,1,1,1,1,1,1,1,2,2,2,1,1,1,1,1,1,1,1,1,1,1,1,1,2,1,1,1,1,1,1,1,1,1,1,1,2,2,2,2,2,2,1,1,2,2,2,1,1,1,1,1,1,2,2,2,NA,NA,NA,NA,NA,NA,NA,NA,NA,NA,NA,NA,NA,NA,NA,NA,NA,1,1,1,1,1,1,1,1,2,2,2,2,2,2,2,2,2,only able to switch once,NA,1649098132,NA,NA,1,NA,NA,NA,NA,NA,NA,NA,NA,NA,7,6,8,5,NA,4,1,3,2,8007a223c0
2022-04-04T20:36:07Z,2022-04-04T20:50:46Z,IP Address,*******,100,878,TRUE,2022-04-04T20:50:46Z,R_1HoYEXCDIX30jph,*******,*******,*******,*******,*******,*******,anonymous,EN,"Yes, I agree to participate in this study.",1,1,1,1,2,2,2,2,2,NA,NA,NA,NA,NA,NA,NA,NA,NA,1,1,1,1,1,1,1,2,2,2,2,2,2,1,1,1,1,2,2,2,2,2,1,1,2,2,2,1,1,1,1,1,1,1,1,2,2,2,2,2,2,2,2,2,1,1,2,2,2,1,1,1,1,2,2,2,2,2,NA,NA,NA,NA,NA,NA,NA,NA,NA,NA,NA,NA,NA,NA,NA,NA,NA,2,2,2,2,2,2,2,2,2,2,2,2,2,2,2,2,2,NA,NA,NA,NA,NA,NA,NA,NA,NA,NA,NA,NA,NA,NA,NA,NA,NA,NA,NA,NA,NA,NA,NA,NA,NA,NA,NA,NA,NA,NA,NA,NA,NA,NA,NA,NA,NA,NA,NA,NA,NA,NA,NA,NA,NA,NA,NA,NA,NA,NA,NA,NA,NA,NA,NA,NA,NA,NA,NA,NA,NA,NA,NA,NA,NA,NA,NA,NA,NA,NA,NA,NA,NA,NA,NA,NA,NA,NA,NA,NA,NA,NA,NA,NA,NA,NA,NA,NA,NA,NA,NA,NA,NA,The lottery predications were very complicated and difficult to imagine.,1649098132,NA,1,NA,8,6,7,4,1,2,3,5,NA,NA,NA,NA,NA,NA,NA,NA,NA,NA,ee33a1786d
